alloy_id,Cr_wt,Ni_wt,Mo_wt,V_wt,C_wt,anneal_temp_C,anneal_time_h,process_type,yield_strength_MPa
AL1000,10.92,10.949,,0.264,0.2,658.4,5.48,A,446.7
AL1001,2.25,8.628,1.339,0.6,0.227,661.6,8.89,C,222.5
AL1002,17.127,11.429,3.915,0.876,0.902,659.6,11.34,C,410.9
AL1003,0.185,0.678,0.165,0.3,0.678,577.5,11.65,B,627.7
AL1004,15.994,7.023,1.256,0.208,0.536,613.6,9.68,B,581.3
AL1005,7.057,7.673,2.618,0.553,0.953,516.5,1.58,B,916.9
AL1006,1.8,2.867,2.504,0.847,0.71,601.3,9.99,A,504.9
AL1007,7.664,10.645,3.724,0.981,0.746,557.4,2.53,B,1033.2
AL1008,8.33,9.377,0.746,0.954,0.554,581.9,2.67,A,752.4
AL1009,8.349,5.763,2.098,0.966,0.501,695.2,1.96,B,410.2
AL1010,0.887,10.319,1.942,0.363,0.967,636.5,,A,481.9
AL1011,5.608,10.604,0.037,0.666,0.73,343.1,5.06,B,400.5
AL1012,9.153,7.19,1.926,0.252,0.591,546.3,4.59,A,858.2
AL1013,15.184,3.036,0.221,0.416,0.061,603.6,6.62,B,541.6
AL1014,1.015,7.175,2.423,0.294,0.781,373.5,5.77,,299.6
AL1015,2.058,6.588,0.897,0.023,0.134,681.1,6.05,A,228.9
AL1016,6.948,1.347,3.197,0.938,0.489,353.2,10.73,C,150.4
AL1017,15.182,6.001,3.275,0.997,0.28,434.6,,C,332.5
AL1018,15.194,11.293,1.301,0.825,0.216,403.0,8.82,A,420.7
AL1019,13.827,6.003,2.868,0.427,0.78,695.3,5.37,A,440.8
AL1020,0.039,11.036,2.085,0.003,0.074,643.7,4.05,B,371.8
AL1021,16.434,9.42,1.787,0.644,0.087,421.5,7.51,A,402.3
AL1022,15.078,6.813,3.548,0.25,0.194,321.8,2.3,B,493.7
AL1023,4.079,4.389,1.08,0.621,0.531,680.4,2.98,A,287.2
AL1024,16.003,2.701,2.403,0.409,0.969,566.0,,A,1061.4
AL1025,8.987,9.978,0.993,0.177,0.333,352.2,3.64,B,401.3
AL1026,15.801,7.141,3.031,0.251,0.837,427.0,10.41,B,444.9
AL1027,15.843,10.421,2.921,0.588,0.656,537.5,8.01,B,995.1
AL1028,4.362,2.162,1.506,0.853,0.23,610.0,,C,413.2
AL1029,17.072,8.388,2.199,0.482,0.389,673.4,3.58,A,489.0
AL1030,3.462,4.37,2.375,0.277,0.693,585.7,8.69,A,634.2
AL1031,10.83,11.048,0.67,0.783,0.242,494.4,10.6,A,494.4
AL1032,7.884,0.352,1.548,0.843,0.58,389.6,11.5,A,165.5
AL1033,4.946,9.158,0.231,0.394,0.979,605.6,2.26,B,703.1
AL1034,11.703,4.231,3.012,0.642,0.905,466.7,2.37,C,489.3
AL1035,10.115,3.423,3.988,0.168,0.683,544.6,,B,969.7
AL1036,15.155,8.282,1.779,0.359,0.973,611.4,5.19,C,766.6
AL1037,8.785,1.37,3.606,0.145,0.258,341.7,4.85,B,343.6
AL1038,8.148,5.959,1.311,0.766,0.684,363.5,8.01,C,244.8
AL1039,11.452,11.105,3.246,0.084,0.196,573.4,7.52,C,691.0
AL1040,5.096,2.202,0.966,0.816,0.45,354.1,11.91,C,126.8
AL1041,15.602,5.335,2.87,0.339,0.113,697.0,1.4,A,406.1
AL1042,7.14,2.62,1.113,0.921,0.875,670.2,4.79,C,328.5
AL1043,15.023,4.423,0.058,0.648,0.742,562.4,12.0,B,823.1
AL1044,7.911,7.737,1.275,0.758,0.678,552.3,8.77,B,896.0
AL1045,1.049,7.415,2.042,0.855,0.658,339.3,7.73,A,266.0
AL1046,1.75,3.297,,0.822,0.188,655.3,6.64,A,215.3
AL1047,7.279,8.86,1.166,0.502,0.22,663.6,1.24,A,375.6
AL1048,7.648,10.163,3.302,0.919,0.833,429.0,2.7,C,421.7
AL1049,11.911,4.603,2.342,0.913,0.631,549.9,3.72,C,885.6
AL1050,11.87,5.887,3.468,0.305,0.505,354.0,10.19,B,365.9
AL1051,4.977,11.604,0.924,0.41,0.137,393.0,10.52,A,212.3
AL1052,2.994,4.3,1.188,0.45,0.274,453.8,8.9,A,264.6
AL1053,1.401,8.119,2.371,0.812,0.763,580.4,4.57,C,743.0
AL1054,0.25,1.105,,0.754,0.62,665.7,1.51,A,244.1
AL1055,0.877,2.592,1.352,0.105,0.085,614.7,4.06,C,343.1
AL1056,16.302,7.842,3.547,0.192,0.793,405.7,0.88,C,433.9
AL1057,5.87,9.855,1.837,0.809,0.246,530.1,1.0,B,766.5
AL1058,15.493,8.389,0.172,0.086,0.37,607.7,4.89,B,640.9
AL1059,8.192,10.472,3.681,0.812,0.441,687.5,6.1,C,410.5
AL1060,12.159,8.429,0.054,0.519,0.262,543.0,1.25,B,783.8
AL1061,11.842,3.385,2.417,0.955,0.456,354.3,5.32,B,431.5
AL1062,0.875,0.751,,0.032,0.646,531.5,6.55,C,659.7
AL1063,4.849,4.833,2.424,0.364,0.523,527.9,10.21,B,696.2
AL1064,0.407,1.95,2.585,0.941,0.499,341.0,6.4,A,233.1
AL1065,3.008,5.071,2.144,0.743,0.564,309.1,1.21,B,329.9
AL1066,2.12,5.647,3.442,0.571,0.624,479.6,10.04,A,423.9
AL1067,13.078,8.228,2.401,0.746,0.988,521.0,12.0,A,895.9
AL1068,9.461,4.696,3.947,0.192,0.905,431.0,11.86,C,246.4
AL1069,9.681,0.832,0.559,0.047,0.906,692.9,9.0,B,274.8
AL1070,7.115,6.828,2.129,0.113,0.966,589.2,9.07,B,819.3
AL1071,10.019,5.468,3.363,0.814,0.215,404.8,10.82,C,215.6
AL1072,15.313,10.299,2.26,0.416,0.828,586.9,5.29,A,946.3
AL1073,9.845,7.693,2.024,0.763,0.831,443.8,2.07,B,516.3
AL1074,12.79,11.589,1.405,0.497,0.203,669.6,3.75,B,483.2
AL1075,0.286,2.676,1.9,0.969,0.504,528.5,10.86,B,597.3
AL1076,6.274,2.331,3.054,0.986,0.145,390.3,11.63,A,149.0
AL1077,11.601,10.627,1.303,0.03,0.231,404.4,8.95,A,277.8
AL1078,13.123,7.444,0.102,0.509,0.742,570.3,5.34,C,853.4
AL1079,11.106,6.506,0.399,0.531,0.663,577.7,9.42,A,768.8
AL1080,3.555,9.852,0.531,0.99,0.961,400.1,,C,219.5
AL1081,3.001,5.674,0.745,0.878,0.697,642.3,8.16,B,380.4
AL1082,13.116,7.179,0.274,0.414,0.36,689.6,7.64,A,340.9
AL1083,1.742,3.175,0.204,0.995,0.582,485.3,1.12,C,429.5
AL1084,2.508,11.94,0.502,0.703,0.355,556.3,11.51,B,616.8
AL1085,14.219,5.445,2.151,0.702,0.771,444.8,2.49,A,507.0
AL1086,12.968,8.68,1.862,0.715,0.196,658.4,6.14,C,396.7
AL1087,13.012,5.383,0.274,0.364,0.609,394.6,10.29,A,284.7
AL1088,2.491,2.132,3.242,0.979,0.85,332.2,0.63,B,348.5
AL1089,16.496,6.83,3.47,0.212,0.684,641.1,11.99,C,402.6
AL1090,1.486,2.565,0.102,0.248,0.36,423.3,10.99,C,67.6
AL1091,1.916,2.898,0.877,0.049,0.552,477.3,3.14,A,408.7
AL1092,2.255,3.291,3.542,0.582,0.17,541.7,4.76,C,568.8
AL1093,10.527,5.809,0.983,0.239,0.364,564.4,10.3,B,713.3
AL1094,12.54,3.155,3.875,0.435,0.982,572.7,1.85,A,986.1
AL1095,11.289,4.426,2.882,0.689,0.506,688.6,8.94,B,363.1
AL1096,6.256,8.141,0.961,0.917,0.48,506.6,5.23,C,658.9
AL1097,13.528,6.926,0.725,0.856,0.168,563.7,5.95,B,773.5
AL1098,16.798,10.041,,0.759,0.446,504.0,9.55,B,686.0
AL1099,2.521,3.703,3.455,0.445,0.371,507.1,3.84,B,643.2
AL1100,13.504,3.382,3.496,0.792,0.492,411.6,1.2,A,396.4
AL1101,11.46,0.315,0.008,0.261,0.27,513.3,3.0,A,594.9
AL1102,5.41,2.749,0.992,0.777,0.643,445.7,4.75,A,375.6
AL1103,12.09,8.921,1.434,0.864,0.581,530.4,6.23,C,847.0
AL1104,12.215,9.807,2.638,0.757,0.5,618.3,3.06,A,586.0
AL1105,2.989,5.801,3.734,0.411,0.372,522.2,5.01,C,658.7
AL1106,7.573,7.197,3.828,0.077,0.387,521.6,6.58,A,681.8
AL1107,7.04,10.159,1.49,0.901,0.715,593.5,4.42,C,755.7
AL1108,10.042,11.98,3.993,0.016,0.547,428.0,2.72,A,451.1
AL1109,6.319,7.13,3.698,0.5,0.145,447.7,2.28,B,420.7
AL1110,17.482,10.973,0.213,0.015,0.139,454.3,11.49,C,311.9
AL1111,3.425,0.24,3.955,0.021,0.318,458.4,1.58,A,322.4
AL1112,15.764,7.667,1.527,0.66,0.497,315.6,10.22,A,284.9
AL1113,15.575,2.866,0.482,0.394,0.195,468.1,1.82,B,495.0
AL1114,6.006,0.339,2.581,0.117,0.785,663.5,8.42,B,310.6
AL1115,16.8,2.245,0.097,0.037,0.973,514.6,10.53,A,823.1
AL1116,15.633,6.833,0.677,0.293,0.235,611.9,3.81,C,524.8
AL1117,13.793,11.224,3.214,0.582,0.665,424.1,6.55,A,453.5
AL1118,10.691,10.596,0.414,0.579,0.455,618.8,1.54,A,568.1
AL1119,1.501,1.197,2.529,0.371,0.393,338.8,6.29,A,234.8
AL1120,10.359,2.86,1.545,0.511,0.593,495.6,1.21,,607.9
AL1121,9.856,2.679,2.961,0.354,0.788,527.7,10.57,A,756.2
AL1122,1.058,6.12,2.028,0.323,0.664,348.5,2.31,A,263.8
AL1123,4.117,7.535,0.777,0.457,0.759,457.1,9.09,B,396.5
AL1124,6.398,6.524,1.517,0.509,0.406,492.7,3.05,A,585.8
AL1125,17.18,3.733,0.748,0.73,0.383,369.1,1.17,A,373.1
AL1126,3.946,3.639,0.2,0.191,0.175,523.3,0.82,C,506.2
AL1127,14.979,3.045,0.633,0.445,0.585,633.9,3.85,B,539.0
AL1128,15.597,1.365,1.212,0.97,0.228,303.7,3.52,B,355.2
AL1129,8.406,6.333,3.369,0.061,0.746,555.9,8.71,C,849.8
AL1130,14.59,8.658,1.445,0.131,0.635,583.4,11.33,C,667.8
AL1131,12.409,6.999,,0.932,0.078,422.9,7.33,B,422.3
AL1132,16.385,4.931,0.36,0.452,0.687,671.1,9.26,A,328.8
AL1133,11.024,5.718,0.457,0.396,0.542,399.9,10.0,A,262.3
AL1134,17.268,2.888,1.365,0.168,0.386,375.8,8.44,A,344.5
AL1135,0.191,0.504,0.605,0.238,0.823,608.8,8.6,A,464.1
AL1136,7.618,6.731,0.699,0.416,0.484,530.8,3.43,B,782.6
AL1137,3.979,7.07,2.306,0.403,0.616,603.0,6.82,B,635.1
AL1138,8.314,5.847,0.363,0.353,0.259,602.8,9.49,A,440.2
AL1139,5.585,5.352,3.646,0.237,0.781,461.7,4.7,A,420.2
AL1140,7.826,11.563,1.41,0.71,0.278,325.8,5.66,C,330.1
AL1141,13.969,1.627,2.818,0.464,0.482,689.6,8.15,A,291.4
AL1142,16.329,5.218,0.961,0.836,0.7,539.9,10.83,B,889.8
AL1143,15.394,7.786,0.847,0.535,0.134,384.9,8.39,B,387.9
AL1144,11.504,5.828,3.113,0.263,0.758,506.4,11.04,C,622.1
AL1145,7.42,8.181,1.695,0.659,0.638,447.0,3.84,C,395.9
AL1146,9.725,6.974,2.143,0.306,0.492,634.8,7.19,,488.9
AL1147,14.103,3.923,1.278,0.76,0.833,654.4,2.75,B,519.6
AL1148,11.835,7.866,0.193,0.761,0.579,589.5,5.32,B,792.9
AL1149,15.591,11.921,2.689,0.315,0.647,497.6,9.58,B,771.5
AL1150,4.694,11.415,2.866,0.036,0.113,337.3,6.16,A,318.2
AL1151,15.143,10.483,0.861,0.622,0.062,483.4,0.7,B,565.2
AL1152,17.29,11.062,0.626,0.579,0.458,417.9,6.04,C,436.7
AL1153,6.767,8.057,2.668,0.715,0.867,453.5,5.14,A,435.6
AL1154,0.339,6.588,3.443,0.699,0.282,572.2,7.57,C,563.9
AL1155,4.624,7.084,3.266,0.456,0.799,632.3,1.68,B,517.1
AL1156,8.486,1.074,3.639,0.632,0.393,389.1,11.66,A,211.4
AL1157,16.923,10.205,0.44,0.254,0.537,677.5,3.23,A,406.1
AL1158,10.954,3.714,2.447,0.663,0.781,350.7,2.27,A,390.3
AL1159,17.143,7.316,2.15,0.587,0.144,654.2,3.3,A,473.6
AL1160,11.389,0.569,2.972,0.548,0.955,304.4,9.52,C,247.9
AL1161,14.8,9.593,2.368,0.029,0.334,693.5,4.36,A,406.3
AL1162,12.714,10.833,2.625,0.543,0.806,665.5,7.33,A,467.3
AL1163,7.479,11.619,2.843,0.267,0.886,393.9,,B,345.5
AL1164,3.01,2.755,0.16,0.95,0.604,547.7,,A,788.9
AL1165,8.944,7.434,1.057,0.062,0.753,533.7,1.97,A,909.8
AL1166,7.949,11.038,3.192,0.233,0.743,430.8,7.51,A,411.9
AL1167,5.38,7.502,1.296,0.479,0.087,404.6,5.09,B,330.6
AL1168,17.868,10.462,2.241,0.893,0.191,352.3,8.11,A,421.8
AL1169,16.054,8.128,0.806,0.124,0.542,531.2,6.93,C,828.6
AL1170,16.056,7.467,1.508,0.708,0.336,368.2,9.64,C,324.0
AL1171,6.475,3.628,2.404,0.868,0.329,612.0,4.71,C,457.7
AL1172,9.785,11.461,2.858,0.576,0.702,533.8,7.23,B,998.7
AL1173,4.223,1.032,1.42,0.796,0.886,626.4,2.15,B,515.6
AL1174,0.171,6.041,3.409,0.354,0.721,656.1,4.81,A,338.5
AL1175,17.096,8.316,0.152,0.377,0.311,494.9,5.45,A,649.8
AL1176,0.454,2.129,1.828,0.304,0.148,475.2,10.17,A,229.7
AL1177,4.088,11.722,3.812,0.544,0.681,627.3,7.64,B,548.1
AL1178,2.87,8.652,2.839,0.71,0.734,508.5,2.02,B,741.7
AL1179,9.638,2.12,1.68,0.491,0.785,535.3,11.1,B,790.4
AL1180,1.977,2.374,0.81,0.916,0.782,341.0,10.31,A,192.4
AL1181,14.585,9.822,1.995,0.151,0.559,626.3,9.33,B,515.4
AL1182,14.779,5.948,1.328,0.297,0.528,359.3,5.59,C,334.3
AL1183,15.007,9.513,3.486,0.792,0.241,489.0,11.06,A,546.8
AL1184,5.377,1.663,0.372,0.353,0.878,631.7,10.1,B,354.8
AL1185,0.537,8.524,2.288,0.486,0.992,642.5,7.52,A,376.3
AL1186,10.125,11.8,2.628,0.432,0.512,473.2,5.42,A,574.7
AL1187,14.645,6.48,3.616,0.311,0.552,591.8,8.36,C,703.0
AL1188,11.991,5.985,0.036,0.196,0.262,370.8,5.72,A,316.0
AL1189,14.069,1.067,3.292,0.437,0.867,378.0,11.3,A,267.4
AL1190,1.321,0.526,2.702,0.806,0.301,322.5,10.08,A,134.0
AL1191,6.355,5.428,0.91,0.055,0.622,545.3,7.46,C,744.8
AL1192,9.742,7.543,1.636,0.767,0.305,617.0,10.49,B,492.6
AL1193,17.401,4.581,3.228,0.018,0.371,582.0,9.09,A,732.8
AL1194,9.462,8.559,0.806,0.108,0.419,629.3,10.63,B,378.7
AL1195,8.929,6.008,0.435,0.718,0.528,514.2,4.88,,683.4
AL1196,7.451,2.45,2.327,0.231,0.45,662.9,2.08,A,389.0
AL1197,8.887,8.234,1.778,0.385,0.905,648.4,1.42,B,490.2
AL1198,12.45,4.343,,0.698,0.972,548.9,8.97,A,1004.2
AL1199,9.996,9.287,0.744,0.62,0.183,633.6,9.41,B,447.5
AL1200,7.623,5.371,1.47,0.668,0.828,664.6,7.6,A,308.7
AL1201,9.657,7.605,2.23,0.424,0.545,541.1,2.22,B,879.3
AL1202,14.961,2.331,2.032,0.01,0.855,400.9,1.81,B,449.6
AL1203,14.343,6.528,1.505,0.092,0.579,471.0,6.78,B,539.6
AL1204,2.686,9.709,3.42,0.874,0.699,502.1,4.78,A,669.3
AL1205,4.649,7.602,3.621,0.052,0.848,642.7,3.03,A,459.8
AL1206,7.131,4.579,2.681,0.61,0.777,652.6,10.1,B,345.2
AL1207,14.263,9.572,2.161,0.557,0.06,401.4,7.58,B,430.8
AL1208,7.428,4.982,0.008,0.481,0.819,332.0,2.57,B,363.5
AL1209,0.968,11.915,0.8,0.981,0.637,419.4,9.1,B,287.3
AL1210,9.714,0.186,2.822,0.186,0.366,369.1,6.97,A,290.8
AL1211,14.488,9.71,0.21,0.969,0.263,430.3,9.42,C,307.4
AL1212,9.323,8.956,0.222,0.369,0.408,331.5,10.54,A,239.5
AL1213,13.367,3.058,1.782,0.109,0.537,309.4,11.23,C,167.4
AL1214,7.974,3.164,2.187,0.585,0.929,409.3,6.74,A,321.5
AL1215,14.118,8.733,3.802,0.512,0.184,371.5,2.77,A,387.4
AL1216,3.099,11.658,,0.715,0.579,444.6,7.45,B,381.9
AL1217,0.232,11.367,1.092,0.136,0.093,525.0,10.01,B,550.4
AL1218,10.033,3.723,1.403,0.864,0.178,507.5,1.93,B,667.7
AL1219,6.746,9.901,2.915,0.678,0.83,305.5,10.12,B,366.5
AL1220,8.463,3.003,1.082,0.982,0.813,378.3,6.01,B,377.9
AL1221,1.758,11.44,0.388,0.246,0.774,596.2,2.24,B,737.7
AL1222,2.747,8.922,0.616,0.467,0.967,325.8,2.22,A,287.0
AL1223,4.036,2.542,1.979,0.442,0.691,413.8,7.48,C,250.5
AL1224,3.567,6.933,0.27,0.898,0.766,452.9,9.86,C,262.5
AL1225,13.132,5.803,3.654,0.47,0.564,385.0,7.04,A,386.6
AL1226,8.613,4.185,2.445,0.298,0.527,377.3,11.6,A,208.4
AL1227,15.553,0.387,1.596,0.935,0.402,547.8,7.97,C,753.8
AL1228,3.213,2.318,2.475,0.058,0.434,418.9,1.86,C,225.1
AL1229,7.154,1.456,0.154,0.2,0.13,439.6,11.99,C,117.1
AL1230,14.273,4.858,3.256,0.422,0.693,536.7,0.76,A,943.7
AL1231,6.494,4.411,0.778,0.712,0.245,370.2,9.41,A,234.0
AL1232,16.859,4.15,0.318,0.167,0.853,587.4,6.45,A,844.3
AL1233,16.614,0.491,2.55,0.339,0.693,431.9,7.02,A,399.4
AL1234,16.13,11.345,0.658,0.273,0.74,531.8,0.87,A,975.3
AL1235,14.783,9.304,2.082,0.85,0.92,313.1,11.11,A,374.9
AL1236,2.581,11.465,0.36,0.377,0.096,592.9,9.52,C,457.2
AL1237,10.168,4.501,3.354,0.904,0.437,357.8,4.66,A,371.4
AL1238,1.622,6.069,0.098,0.569,0.606,446.3,10.16,B,305.9
AL1239,3.205,11.858,1.469,0.523,0.13,469.3,1.76,B,424.7
AL1240,7.365,1.423,3.956,0.549,0.663,316.0,10.49,B,270.6
AL1241,8.43,2.106,1.019,0.242,0.843,498.7,2.45,A,647.8
AL1242,13.423,11.573,1.539,0.96,0.425,327.5,9.68,C,357.4
AL1243,4.538,1.614,2.409,0.595,0.162,300.4,8.46,A,186.9
AL1244,7.091,7.224,2.124,0.207,0.569,677.3,0.5,A,363.5
AL1245,15.852,10.111,2.024,0.882,0.334,596.0,4.72,A,725.9
AL1246,2.716,1.164,,0.058,0.874,475.2,8.04,A,392.9
AL1247,17.794,3.028,2.708,0.376,0.836,606.1,8.05,B,769.2
AL1248,13.389,5.261,2.853,0.952,0.833,563.2,1.87,A,1009.2
AL1249,14.162,5.468,2.334,0.714,0.731,613.6,3.06,,685.0
AL1250,0.426,4.966,0.313,0.995,0.9,681.1,4.09,B,304.1
AL1251,17.522,2.942,0.716,0.734,0.302,654.9,2.08,B,470.7
AL1252,12.194,4.09,2.827,0.165,0.301,513.4,7.54,B,678.3
AL1253,4.04,6.567,1.987,0.263,0.8,401.9,10.79,A,186.0
AL1254,12.005,2.959,,0.722,0.93,482.4,6.58,B,646.8
AL1255,0.761,3.639,2.181,0.703,0.502,580.2,11.2,B,595.6
AL1256,6.886,2.961,2.238,0.124,0.079,387.6,8.43,B,268.4
AL1257,8.315,3.472,3.68,0.649,0.227,591.6,,B,646.1
AL1258,7.797,4.745,1.697,0.587,0.613,480.3,1.57,A,516.2
AL1259,4.005,4.447,0.235,0.631,0.87,488.6,8.34,B,538.1
AL1260,10.67,2.623,3.077,0.736,0.098,332.2,4.52,C,311.8
AL1261,6.814,6.272,2.541,0.089,0.357,453.0,5.32,A,356.1
AL1262,15.084,4.732,2.634,0.854,0.277,403.2,0.82,C,369.9
AL1263,13.14,11.602,0.814,0.756,0.409,603.8,4.05,A,669.5
AL1264,17.48,3.912,,0.614,0.843,369.8,11.56,C,285.7
AL1265,13.719,10.718,0.522,0.793,0.666,344.6,7.36,,356.6
AL1266,2.527,4.366,0.847,0.2,0.375,664.8,2.61,A,285.5
AL1267,3.22,8.882,1.486,0.923,0.942,525.7,4.49,A,948.7
AL1268,6.629,10.738,2.512,0.895,0.237,546.3,9.52,A,656.7
AL1269,0.341,0.28,2.513,0.251,0.394,552.1,9.96,A,573.5
AL1270,9.706,6.566,1.904,0.191,0.409,629.2,6.42,C,456.9
AL1271,3.697,11.928,3.565,0.135,0.888,664.0,3.06,A,426.0
AL1272,16.659,7.053,3.065,0.413,0.326,524.7,3.89,B,813.7
AL1273,9.27,9.109,3.695,0.101,0.582,416.8,2.71,A,407.3
AL1274,0.003,1.087,1.387,0.247,0.905,537.7,6.47,B,836.2
AL1275,12.601,0.047,0.962,0.035,0.71,538.1,8.36,A,865.3
AL1276,14.868,0.79,3.524,0.202,0.547,669.4,9.1,A,292.6
AL1277,7.874,9.074,1.01,0.006,0.962,311.8,6.68,A,334.9
AL1278,3.232,3.792,2.377,0.537,0.708,397.4,5.96,A,289.0
AL1279,14.773,6.937,0.635,0.402,0.217,545.1,11.97,A,635.5
AL1280,13.21,7.449,2.142,0.869,0.306,689.1,1.32,B,472.3
AL1281,10.975,2.346,1.972,0.087,0.956,676.5,7.76,C,334.0
AL1282,11.375,10.3,2.604,0.888,0.51,606.1,10.26,C,602.1
AL1283,0.355,2.109,1.2,0.318,0.981,608.6,1.62,B,565.9
AL1284,2.654,3.114,1.291,0.877,0.651,324.4,2.1,C,231.2
AL1285,7.347,7.492,,0.224,0.147,359.4,3.69,B,368.1
AL1286,12.285,4.735,2.702,0.769,0.235,647.6,6.35,A,426.2
AL1287,1.467,3.359,3.313,0.018,0.05,384.7,9.67,A,143.8
AL1288,2.573,10.288,3.45,0.618,0.991,327.3,4.12,A,325.3
AL1289,2.063,0.719,0.587,0.184,0.234,412.2,1.31,A,205.1
AL1290,9.53,11.175,0.178,0.149,0.293,442.5,0.89,A,410.1
AL1291,13.426,11.355,1.187,0.319,0.072,379.6,9.39,C,255.5
AL1292,8.003,9.953,1.759,0.904,0.707,366.8,1.07,C,379.3
AL1293,3.646,0.492,3.897,0.803,0.977,664.8,7.59,A,356.9
AL1294,4.694,9.857,3.181,0.929,0.054,330.2,7.36,C,277.8
AL1295,17.097,10.194,0.586,0.811,0.716,358.6,10.43,A,376.7
AL1296,5.901,9.888,3.288,0.392,0.981,421.6,1.98,B,465.9
AL1297,4.388,5.36,0.251,0.446,0.851,422.1,7.5,B,315.4
AL1298,2.194,3.873,2.681,0.38,0.115,438.0,1.49,A,241.8
AL1299,17.197,1.233,1.427,0.093,0.844,679.5,0.82,B,455.7
AL1300,4.907,3.568,0.454,0.276,0.773,366.9,3.27,B,288.1
AL1301,5.167,8.442,1.956,0.988,0.325,531.7,2.12,A,724.0
AL1302,9.272,3.878,0.513,0.087,0.377,495.9,2.36,C,489.1
AL1303,5.223,6.507,3.162,0.095,0.756,540.8,11.66,C,756.1
AL1304,3.162,6.422,3.827,0.21,0.077,663.8,10.71,A,225.3
AL1305,8.742,5.993,0.105,0.526,0.219,475.9,,A,385.7
AL1306,10.318,10.204,0.51,0.105,0.631,513.0,11.2,A,670.5
AL1307,9.855,4.836,,0.706,0.125,304.7,1.05,A,357.2
AL1308,0.688,9.722,0.015,0.376,0.248,409.7,10.12,A,245.0
AL1309,13.851,4.676,2.465,0.353,0.64,692.2,8.12,A,363.0
AL1310,0.985,3.233,1.919,0.776,0.384,397.3,7.67,B,266.9
AL1311,6.791,11.421,3.629,0.357,0.913,393.5,2.33,B,453.7
AL1312,9.337,5.334,2.14,0.91,0.666,588.0,11.52,A,624.3
AL1313,10.666,2.975,0.896,0.098,0.329,488.7,3.81,B,554.7
AL1314,15.055,7.612,1.508,0.885,0.116,634.0,9.15,B,421.7
AL1315,10.627,11.378,3.676,0.76,0.256,429.5,10.58,B,385.2
AL1316,0.19,6.296,3.899,0.402,0.191,554.2,5.17,C,595.5
AL1317,7.545,0.486,1.721,0.538,0.994,334.5,6.22,A,274.3
AL1318,8.558,3.285,3.265,0.062,0.445,529.4,6.23,A,752.4
AL1319,15.709,6.311,0.341,0.925,0.654,390.1,4.68,C,396.5
AL1320,5.249,10.64,0.232,0.428,0.839,321.2,10.52,A,264.5
AL1321,14.771,3.337,0.653,0.941,0.213,651.3,3.87,B,423.4
AL1322,10.074,8.089,1.84,0.716,0.172,681.4,7.12,B,376.9
AL1323,4.593,7.406,2.012,0.034,0.15,467.6,5.69,A,360.4
AL1324,3.756,4.682,0.251,0.326,0.513,525.3,6.16,C,637.9
AL1325,17.234,8.64,0.975,0.537,0.552,330.7,4.63,A,463.5
AL1326,7.341,0.806,0.724,0.693,0.781,417.7,6.22,C,303.3
AL1327,15.353,0.196,1.148,0.381,0.967,419.2,1.9,B,487.8
AL1328,2.139,7.964,0.957,0.339,0.363,394.6,8.27,A,199.3
AL1329,8.388,8.982,3.955,0.437,0.334,665.4,6.37,C,360.2
AL1330,8.033,6.491,0.123,0.008,0.753,687.0,3.03,C,284.8
AL1331,0.551,11.583,2.333,0.892,0.597,508.4,8.25,C,585.7
AL1332,12.939,5.372,3.848,0.759,0.852,665.7,2.3,B,524.7
AL1333,9.89,9.36,0.645,0.937,0.088,591.5,3.09,A,599.8
AL1334,0.987,0.302,0.35,0.9,0.381,529.2,7.6,A,582.3
AL1335,0.508,5.384,1.229,0.683,0.516,487.7,10.88,A,379.5
AL1336,17.93,2.156,1.439,0.411,0.552,367.8,3.09,B,387.6
AL1337,16.863,3.986,0.025,0.464,0.707,629.9,9.99,B,480.0
AL1338,13.323,7.108,3.107,0.597,0.475,327.9,9.09,B,391.8
AL1339,17.711,1.166,0.72,0.457,0.707,452.1,3.9,A,476.1
AL1340,12.816,9.044,2.542,0.418,0.816,323.5,6.67,A,412.8
AL1341,0.652,8.346,3.25,0.026,0.561,564.2,11.31,A,642.7
AL1342,15.591,11.533,2.891,0.278,0.167,386.3,0.66,B,469.5
AL1343,13.928,5.822,0.854,0.348,0.738,599.4,0.58,C,671.0
AL1344,8.094,4.467,2.739,0.26,0.907,580.1,1.6,A,859.8
AL1345,11.895,8.459,1.747,0.364,0.67,383.1,10.93,C,258.2
AL1346,7.981,9.581,3.713,0.83,0.99,570.8,7.87,C,957.4
AL1347,13.865,1.372,3.936,0.581,0.794,551.8,4.51,B,1038.2
AL1348,13.325,11.751,3.702,0.253,0.889,456.2,11.51,A,430.4
AL1349,1.733,4.211,0.955,0.404,0.736,490.4,11.69,C,367.5
AL1350,8.239,0.939,1.666,0.372,0.072,403.0,10.57,C,142.3
AL1351,15.395,2.93,1.416,0.397,0.696,667.8,4.14,A,461.7
AL1352,4.229,5.454,1.607,0.837,0.836,379.3,8.92,B,278.2
AL1353,7.682,2.439,2.993,0.973,0.943,656.1,7.52,A,393.7
AL1354,13.7,8.429,3.905,0.899,0.725,500.9,5.13,B,856.0
AL1355,14.279,5.998,3.348,0.992,0.321,580.7,7.7,A,661.3
AL1356,10.899,0.259,3.075,0.128,0.228,364.3,6.76,A,297.9
AL1357,7.423,7.547,3.02,0.749,0.711,487.6,5.3,B,681.2
AL1358,11.753,8.757,2.373,0.806,0.956,583.1,10.63,C,808.6
AL1359,13.479,9.821,1.832,0.46,0.315,579.1,10.85,B,660.2
AL1360,13.418,10.215,1.631,0.804,0.359,589.6,6.0,A,730.9
AL1361,17.688,2.812,2.283,0.975,0.765,457.9,8.52,A,484.6
AL1362,10.185,9.503,3.185,0.134,0.753,520.6,10.11,C,762.2
AL1363,11.09,8.458,2.088,0.172,0.106,509.4,3.25,A,601.6
AL1364,15.499,2.444,0.623,0.377,0.561,571.7,1.52,C,760.3
AL1365,0.986,1.107,1.202,0.789,0.139,517.6,7.59,B,513.1
AL1366,3.049,3.59,0.818,0.63,0.793,417.4,9.96,A,213.1
AL1367,15.918,7.13,3.076,0.97,0.79,322.1,11.65,B,371.3
AL1368,12.261,9.934,3.466,0.058,0.481,365.7,9.55,C,260.4
AL1369,15.852,6.284,2.438,0.01,0.082,347.2,7.79,A,369.0
AL1370,16.796,3.508,3.066,0.127,0.421,560.1,9.29,B,823.2
AL1371,7.146,11.711,2.987,0.222,0.083,470.9,0.6,A,456.7
AL1372,5.878,5.806,0.919,0.582,0.333,395.7,2.7,A,291.5
AL1373,6.768,11.179,1.214,0.984,0.143,320.4,7.98,B,349.2
AL1374,6.519,11.114,2.433,0.366,0.073,564.2,2.14,C,643.4
AL1375,7.109,6.313,0.783,0.799,0.098,458.7,1.75,C,350.4
AL1376,3.199,2.551,2.61,0.578,0.604,637.7,8.07,A,304.5
AL1377,4.189,3.888,3.217,0.786,0.153,415.9,3.94,C,269.8
AL1378,11.669,9.276,0.769,0.194,0.908,444.3,4.54,B,501.9
AL1379,10.066,9.438,0.251,0.22,0.905,609.9,5.08,B,704.6
AL1380,17.005,1.604,3.86,0.602,0.285,402.9,3.66,B,445.5
AL1381,3.945,7.096,2.422,0.959,0.531,610.8,11.13,A,452.8
AL1382,5.686,11.879,0.015,0.376,0.832,551.1,7.01,B,956.3
AL1383,12.986,2.108,2.272,0.03,0.47,636.1,8.42,A,430.7
AL1384,9.345,6.74,2.629,0.992,0.23,659.8,1.95,C,372.2
AL1385,7.041,10.379,1.078,0.141,0.223,559.8,2.94,B,753.6
AL1386,5.528,2.622,3.861,0.832,0.258,669.4,9.84,B,296.5
AL1387,13.763,11.022,1.29,0.098,0.377,341.2,11.05,A,263.2
AL1388,11.02,11.666,1.681,0.239,0.639,504.2,3.28,A,720.8
AL1389,13.614,1.331,2.424,0.714,0.214,527.9,9.17,C,571.4
AL1390,6.829,10.679,0.477,0.235,0.212,573.5,9.59,C,530.6
AL1391,4.743,7.185,0.903,0.683,0.597,433.8,4.9,C,313.0
AL1392,2.987,6.27,1.061,0.517,0.354,381.4,4.93,B,262.1
AL1393,14.256,2.306,2.159,0.11,0.91,606.6,1.95,B,743.0
AL1394,11.666,3.389,1.423,0.956,0.18,550.1,8.19,A,615.0
AL1395,10.825,11.5,0.863,0.222,0.2,440.6,2.89,B,449.2
AL1396,17.758,0.297,0.439,0.634,0.71,670.9,0.71,B,430.0
AL1397,12.844,8.362,0.007,0.488,0.603,495.1,1.22,C,620.6
AL1398,14.308,5.019,2.544,0.877,0.231,612.2,2.99,A,567.0
AL1399,2.849,5.343,1.979,0.159,0.917,647.0,10.9,B,330.3
AL1400,4.693,5.748,1.801,0.179,0.581,472.9,8.23,C,396.2
AL1401,15.867,5.688,0.224,0.138,0.734,401.2,11.12,A,308.4
AL1402,8.4,1.916,2.085,0.923,0.161,476.0,5.18,C,347.5
AL1403,5.24,11.052,1.595,0.973,0.919,336.8,3.19,A,415.8
AL1404,16.233,11.944,0.809,0.64,0.577,573.2,10.4,B,849.2
AL1405,17.243,10.057,1.88,0.048,0.826,382.7,6.42,A,442.7
AL1406,17.135,5.144,0.097,0.604,0.166,662.9,9.84,B,400.1
AL1407,8.305,1.067,1.454,0.51,0.649,686.8,10.61,B,258.5
AL1408,16.726,4.059,1.128,0.534,0.485,567.8,8.65,A,796.3
AL1409,2.183,7.177,0.497,0.893,0.202,449.8,11.36,B,197.3
AL1410,10.867,7.88,2.475,0.48,0.241,633.1,9.05,A,375.8
AL1411,16.247,3.402,1.346,0.481,0.372,633.5,3.7,A,502.1
AL1412,8.93,1.187,2.333,0.792,0.472,405.6,4.07,C,300.8
AL1413,14.563,0.068,2.025,0.353,0.845,370.8,10.8,B,326.1
AL1414,5.68,5.072,2.208,0.093,0.314,547.7,5.26,A,719.4
AL1415,9.611,6.162,3.798,0.476,0.736,590.9,7.35,B,829.3
AL1416,1.696,4.532,2.844,0.622,0.67,441.0,1.67,A,356.8
AL1417,1.568,8.467,0.167,0.44,0.681,459.0,9.15,B,324.7
AL1418,17.239,4.926,1.269,0.017,0.168,549.4,,B,760.1
AL1419,7.447,10.044,0.533,0.934,0.705,577.3,3.23,C,815.0
AL1420,17.502,3.732,0.585,0.605,0.358,500.0,4.95,B,714.8
AL1421,0.407,0.36,3.95,0.74,0.4,334.9,4.16,C,179.2
AL1422,2.048,6.02,0.361,0.273,0.314,658.2,1.94,B,351.4
AL1423,10.603,10.546,0.369,0.153,0.685,592.5,7.33,A,751.9
AL1424,6.609,4.714,0.731,0.906,0.585,307.7,11.11,B,261.5
AL1425,12.56,5.462,2.947,0.785,0.675,623.2,11.81,B,484.9
AL1426,12.723,11.148,,0.019,0.892,314.9,9.97,B,390.4
AL1427,0.086,9.383,3.945,0.899,0.386,550.8,10.82,C,588.4
AL1428,11.533,8.109,1.269,0.487,0.413,346.2,4.65,B,367.3
AL1429,16.465,6.927,3.084,0.706,0.107,400.5,8.61,B,391.5
AL1430,2.437,2.811,3.814,0.017,0.786,589.2,10.66,B,629.9
AL1431,6.236,5.972,2.948,0.335,0.331,698.2,5.72,A,294.4
AL1432,13.179,2.952,,0.046,0.872,545.2,2.12,A,990.5
AL1433,10.986,2.031,0.673,0.336,0.984,447.0,4.76,A,438.2
AL1434,9.291,10.618,3.995,0.045,0.894,301.5,9.01,A,344.2
AL1435,12.875,10.245,,0.023,0.149,370.4,3.39,C,323.9
AL1436,6.282,9.479,1.563,0.13,0.141,515.3,4.24,,665.3
AL1437,6.957,11.908,0.47,0.518,0.056,574.2,2.64,A,577.3
AL1438,16.581,9.622,2.183,0.313,0.743,380.4,8.12,B,455.1
AL1439,2.209,9.842,3.264,0.385,0.7,571.1,2.88,A,852.4
AL1440,13.31,8.133,2.786,0.909,0.813,652.5,5.39,A,515.3
AL1441,17.267,4.772,0.632,0.796,0.297,403.3,3.94,A,443.0
AL1442,4.77,3.193,3.948,0.428,0.215,562.4,2.99,C,653.8
AL1443,6.803,9.84,1.177,0.054,0.483,346.6,7.51,B,359.7
AL1444,2.479,3.074,1.57,0.993,0.192,614.3,3.26,C,378.4
AL1445,17.563,11.65,2.805,0.162,0.058,426.2,1.76,C,461.6
AL1446,11.979,8.251,0.958,0.168,0.447,432.8,8.21,A,359.0
AL1447,8.487,8.66,1.027,0.332,0.117,491.9,6.86,C,471.9
AL1448,2.946,6.114,0.198,0.724,0.263,601.2,2.33,A,477.6
AL1449,0.901,6.78,3.171,0.676,0.79,406.4,,B,269.9
AL1450,13.078,6.301,3.526,0.546,0.974,646.9,0.66,B,589.7
AL1451,2.378,10.382,3.881,0.621,0.533,681.9,7.66,B,377.0
AL1452,1.252,11.24,3.966,0.021,0.604,437.2,1.58,A,378.0
AL1453,17.434,8.65,0.227,0.321,0.768,477.2,3.08,C,632.9
AL1454,2.317,7.187,0.422,0.404,0.629,630.3,11.63,A,261.8
AL1455,8.227,4.868,2.362,0.89,0.242,315.3,3.45,B,382.6
AL1456,11.299,7.455,2.279,0.948,0.459,437.6,1.7,B,448.0
AL1457,5.222,4.306,1.579,0.956,0.542,571.3,2.12,A,713.9
AL1458,5.374,7.027,3.832,0.202,0.176,513.5,4.19,C,562.6
AL1459,6.151,6.428,0.097,0.512,0.352,527.1,5.35,A,661.1
AL1460,8.094,0.944,0.813,0.917,0.84,632.5,,A,392.4
AL1461,0.951,10.781,1.268,0.161,0.286,347.0,10.92,A,170.0
AL1462,13.004,9.672,2.781,1.0,0.481,619.7,8.97,A,556.7
AL1463,12.491,4.883,3.216,0.767,0.41,661.0,3.98,B,466.3
AL1464,14.368,9.907,3.808,0.75,0.277,505.3,6.66,A,672.4
AL1465,2.062,0.348,1.995,0.06,0.989,577.9,9.52,B,738.6
AL1466,3.947,5.573,3.214,0.335,0.213,387.8,2.88,A,265.5
AL1467,11.575,4.861,0.23,0.074,0.699,489.8,4.26,A,614.0
AL1468,3.695,10.593,2.979,0.618,0.441,447.9,7.73,A,330.9
AL1469,15.716,10.733,0.58,0.89,0.988,321.6,9.42,B,463.0
AL1470,16.598,7.265,3.531,0.471,0.654,699.5,2.81,C,414.2
AL1471,10.079,2.555,1.231,0.087,0.653,649.6,5.6,B,428.4
AL1472,0.93,4.958,1.257,0.542,0.955,358.2,1.57,A,264.3
AL1473,6.153,9.393,2.294,0.501,0.714,563.2,4.53,A,914.8
AL1474,4.399,4.515,3.997,0.171,0.192,391.6,3.88,A,271.8
AL1475,6.35,6.234,2.999,0.115,0.446,452.8,5.87,C,341.7
AL1476,16.196,9.177,1.588,0.172,0.158,305.0,10.99,C,287.2
AL1477,7.215,6.172,2.88,0.583,0.784,560.3,10.53,B,902.4
AL1478,3.199,8.551,2.894,0.527,0.132,531.9,10.92,C,484.9
AL1479,9.945,6.01,2.292,0.35,0.863,620.6,2.4,A,590.8
AL1480,8.23,1.214,0.373,0.011,0.778,368.8,5.55,A,271.5
AL1481,6.706,6.436,2.653,0.444,0.778,675.8,3.28,B,467.1
AL1482,10.624,10.525,2.889,0.019,0.105,346.0,9.75,A,302.5
AL1483,1.839,3.837,0.265,0.763,0.465,682.7,3.01,C,259.5
AL1484,17.939,0.413,2.09,0.471,0.945,335.4,4.09,B,442.1
AL1485,9.76,1.737,3.257,0.143,0.112,521.8,6.23,A,580.9
AL1486,13.556,5.666,2.304,0.462,0.727,628.4,8.8,B,532.1
AL1487,15.967,10.035,,0.481,0.217,521.6,8.67,B,716.5
AL1488,4.054,3.103,1.138,0.653,0.545,543.8,2.2,B,764.3
AL1489,16.448,0.668,1.846,0.731,0.7,584.0,8.48,B,737.7
AL1490,10.325,5.681,0.865,0.414,0.31,437.4,6.19,C,320.8
AL1491,11.186,3.166,3.676,0.281,0.941,497.7,2.77,B,770.2
AL1492,15.936,7.243,3.689,0.332,0.486,516.4,11.9,B,747.3
AL1493,3.399,8.26,3.846,0.741,0.524,518.7,8.45,A,728.7
AL1494,17.497,0.366,3.727,0.102,0.985,400.8,5.2,B,451.4
AL1495,1.415,0.621,3.003,0.797,0.717,626.8,9.88,A,374.7
AL1496,16.228,10.071,3.969,0.639,0.838,520.0,7.05,A,996.8
AL1497,16.822,10.273,2.987,0.773,0.856,342.4,10.67,B,402.8
AL1498,3.037,7.7,3.295,0.169,0.558,595.3,9.3,B,588.3
AL1499,16.617,4.053,1.059,0.99,0.629,422.0,1.28,C,453.5
AL1500,3.888,1.796,1.443,0.865,0.825,448.1,9.65,A,249.3
AL1501,6.502,8.735,2.681,0.526,0.915,457.5,2.79,C,444.3
AL1502,2.099,4.647,,0.983,0.923,680.2,2.45,C,326.9
AL1503,8.109,10.83,2.626,0.264,0.619,665.0,4.78,C,381.6
AL1504,17.634,1.899,0.856,0.012,0.339,496.0,1.31,A,580.6
AL1505,5.16,10.176,1.755,0.71,0.808,597.8,9.21,A,664.4
AL1506,7.576,1.205,0.615,0.717,0.969,338.1,6.34,A,275.8
AL1507,9.968,9.531,1.607,0.875,0.112,679.4,4.51,B,452.0
AL1508,2.67,2.214,3.388,0.79,0.292,300.6,2.14,C,253.1
AL1509,7.891,11.395,0.83,0.217,0.159,619.8,5.44,A,443.0
AL1510,2.577,10.731,,0.245,0.984,441.6,1.42,A,391.8
AL1511,2.35,4.533,0.156,0.915,0.537,615.6,10.1,A,361.6
AL1512,2.137,5.182,0.345,0.63,0.345,303.9,9.7,B,237.4
AL1513,8.893,8.754,1.713,0.522,0.439,565.0,2.43,B,845.8
AL1514,1.899,2.794,2.461,0.838,0.394,566.3,5.79,B,703.1
AL1515,15.712,7.189,2.697,0.685,0.807,452.4,3.06,C,497.6
AL1516,5.351,7.33,2.422,0.938,0.344,524.6,6.8,B,702.4
AL1517,15.402,0.27,2.129,0.172,0.642,578.0,0.98,C,769.6
AL1518,7.951,1.642,1.448,0.295,0.633,478.4,4.16,A,518.0
AL1519,16.957,11.58,2.547,0.102,0.326,577.5,9.18,C,679.3
AL1520,17.418,4.132,3.82,0.753,0.424,487.6,11.78,C,486.8
AL1521,14.792,3.059,2.23,0.939,0.147,443.5,9.67,B,363.3
AL1522,1.296,6.727,3.757,0.744,0.288,627.8,10.94,A,275.3
AL1523,14.777,4.112,2.688,0.018,0.763,373.9,10.49,A,292.7
AL1524,11.263,2.052,0.776,0.045,0.792,348.5,8.4,A,267.8
AL1525,3.508,4.925,3.047,0.285,0.381,555.8,6.69,C,653.7
AL1526,7.102,0.973,3.436,0.667,0.53,424.7,3.74,C,299.4
AL1527,4.29,7.496,3.211,0.581,0.15,565.6,11.01,C,504.6
AL1528,7.423,8.331,3.385,0.059,0.753,695.3,1.57,B,372.1
AL1529,9.194,10.708,3.533,0.805,0.438,595.2,5.96,C,707.3
AL1530,0.846,2.757,2.077,0.429,0.427,430.6,1.07,A,255.8
AL1531,10.523,5.466,3.96,0.313,0.696,433.2,8.57,A,357.7
AL1532,15.189,10.93,2.558,0.039,0.288,562.3,8.25,B,786.9
AL1533,2.495,8.042,,0.299,0.767,364.1,6.76,C,287.7
AL1534,1.544,6.109,2.449,0.176,0.983,688.7,4.07,A,323.4
AL1535,9.202,0.814,1.494,0.114,0.553,493.2,10.96,C,403.7
AL1536,2.033,2.389,,0.769,0.901,364.2,6.08,C,214.4
AL1537,0.634,2.943,2.768,0.136,0.657,327.5,9.55,C,147.9
AL1538,16.43,8.992,2.364,0.643,0.597,586.5,5.07,,836.5
AL1539,13.719,1.715,0.947,0.216,0.297,450.9,3.11,B,408.7
AL1540,13.437,4.69,0.588,0.6,0.388,508.3,5.19,A,666.3
AL1541,11.28,2.238,0.525,0.622,0.124,479.3,3.02,A,458.9
AL1542,0.333,6.242,2.204,0.598,0.371,376.0,1.21,B,304.9
AL1543,10.455,2.775,2.417,0.088,0.99,331.5,9.15,A,275.1
AL1544,5.103,10.825,1.423,0.985,0.47,564.0,10.61,B,765.4
AL1545,3.145,1.533,2.088,0.01,0.866,350.0,8.69,C,192.4
AL1546,11.581,6.586,0.7,0.63,0.265,499.7,6.58,C,539.2
AL1547,17.981,8.646,2.375,0.496,0.053,488.7,2.96,B,613.2
AL1548,4.792,8.098,0.235,0.089,0.581,387.7,7.22,B,274.0
AL1549,9.679,0.882,3.238,0.725,0.936,462.8,9.74,A,407.0
AL1550,7.925,9.228,2.557,0.697,0.504,698.0,5.01,C,342.2
AL1551,16.894,7.963,1.349,0.863,0.704,508.0,4.17,B,880.6
AL1552,10.47,8.03,0.429,0.439,0.926,385.1,11.55,B,269.9
AL1553,9.694,9.293,0.089,0.844,0.427,351.8,11.24,C,226.6
AL1554,8.014,9.443,2.059,0.655,0.439,395.2,2.75,A,346.3
AL1555,6.097,4.697,3.439,0.935,0.892,561.9,6.45,A,932.7
AL1556,13.027,10.762,0.411,0.888,0.495,463.9,5.45,,574.4
AL1557,1.849,2.695,1.963,0.538,0.441,550.6,10.97,A,568.5
AL1558,0.979,3.768,2.449,0.266,0.965,559.2,2.22,A,888.7
AL1559,4.506,10.4,,0.224,0.078,431.7,11.11,C,198.4
AL1560,2.525,2.377,1.078,0.715,0.664,348.1,4.94,A,256.7
AL1561,0.129,5.068,0.585,0.574,0.141,553.1,8.51,B,518.6
AL1562,7.299,1.45,0.053,0.253,0.61,483.5,5.59,C,480.0
AL1563,1.978,4.981,1.991,0.317,0.908,356.4,0.74,B,301.5
AL1564,14.678,9.178,3.636,0.988,0.472,674.6,2.97,B,518.1
AL1565,11.568,11.916,1.846,0.174,0.958,313.3,2.77,C,384.5
AL1566,17.567,7.296,1.525,0.74,0.272,556.1,7.19,B,843.0
AL1567,11.438,3.036,1.889,0.94,0.924,622.6,6.79,,573.1
AL1568,1.769,8.001,3.341,0.993,0.654,384.6,8.97,A,248.1
AL1569,17.954,7.831,3.655,0.399,0.619,693.1,0.98,C,432.4
AL1570,15.846,7.024,1.338,0.409,0.499,648.9,9.12,C,384.4
AL1571,3.137,9.763,0.889,0.098,0.726,342.2,5.12,A,295.9
AL1572,5.431,7.087,1.259,0.008,0.522,524.2,2.44,A,707.3
AL1573,8.423,9.299,2.34,0.499,0.117,618.7,11.51,B,367.0
AL1574,0.16,1.16,1.97,0.056,0.715,550.2,1.79,A,777.6
AL1575,4.577,0.086,2.502,0.192,0.933,363.4,6.15,B,330.2
AL1576,16.987,4.514,2.522,0.402,0.212,603.6,5.57,A,617.3
AL1577,6.241,4.353,3.087,0.477,0.257,307.2,10.64,B,231.6
AL1578,5.579,9.98,3.754,0.926,0.112,344.2,0.73,A,348.4
AL1579,5.723,5.207,1.277,0.492,0.452,361.8,8.01,B,300.8
AL1580,5.27,7.981,0.547,0.515,0.677,667.9,1.35,A,377.1
AL1581,12.724,2.077,1.769,0.484,0.227,675.7,5.57,A,338.9
AL1582,3.767,2.356,2.611,0.285,0.504,577.8,11.03,A,604.9
AL1583,15.869,8.095,1.548,0.549,0.14,610.0,5.66,B,648.9
AL1584,17.985,2.18,3.165,0.311,0.716,360.0,5.1,B,487.6
AL1585,1.575,9.661,0.973,0.788,0.139,465.2,7.17,B,364.8
AL1586,13.409,6.882,1.065,0.813,0.219,302.3,11.64,A,233.3
AL1587,6.435,9.514,0.229,0.03,0.901,589.0,9.94,C,716.4
AL1588,16.466,4.82,1.19,0.182,0.326,622.8,0.58,A,495.8
AL1589,12.129,3.449,0.896,0.718,0.864,412.5,6.41,B,415.0
AL1590,17.185,0.114,2.002,0.093,0.491,332.4,4.49,A,408.2
AL1591,12.416,10.732,0.376,0.01,0.712,442.9,2.34,C,398.2
AL1592,6.498,11.654,0.318,0.882,0.436,411.3,2.59,A,353.4
AL1593,0.397,3.089,3.689,0.174,0.897,385.8,1.22,A,292.0
AL1594,0.942,3.097,0.064,0.228,0.129,363.1,10.45,B,162.3
AL1595,5.497,0.697,1.85,0.33,0.356,635.4,5.43,A,334.4
AL1596,11.87,2.766,1.524,0.391,0.94,658.1,1.49,A,472.4
AL1597,7.449,10.061,0.332,0.77,0.959,496.4,4.15,A,716.1
AL1598,0.105,10.916,1.206,0.224,0.14,394.5,4.11,B,324.6
AL1599,17.317,3.643,1.992,0.908,0.334,483.6,9.78,C,472.2
AL1600,0.428,10.787,0.151,0.34,0.376,480.4,9.9,C,345.6
AL1601,3.238,1.929,1.715,0.412,0.432,417.7,6.37,C,246.8
AL1602,0.26,2.565,1.414,0.831,0.35,389.3,1.69,B,257.7
AL1603,14.563,11.794,3.733,0.904,0.161,576.3,11.64,A,631.2
AL1604,16.742,6.517,0.502,0.83,0.836,646.2,1.94,A,525.6
AL1605,10.394,6.114,1.59,0.64,0.49,539.1,,C,782.8
AL1606,4.077,7.27,0.834,0.781,0.352,577.9,9.98,A,565.9
AL1607,3.389,8.198,2.723,0.166,0.878,567.0,11.23,A,785.5
AL1608,4.618,5.998,3.994,0.224,0.401,470.9,7.55,B,474.8
AL1609,12.185,11.825,3.328,0.412,0.192,644.6,2.6,A,471.5
AL1610,16.094,2.101,1.307,0.654,0.324,681.8,4.19,A,378.6
AL1611,2.048,6.381,0.281,0.35,0.108,394.3,2.58,C,223.5
AL1612,12.112,3.788,3.602,0.314,0.63,417.5,7.59,B,410.9
AL1613,4.932,9.118,2.752,0.005,0.328,694.1,4.33,B,326.0
AL1614,1.727,3.152,3.282,0.619,0.988,327.8,10.9,B,232.6
AL1615,8.569,3.593,1.879,0.467,0.347,343.8,8.24,B,345.9
AL1616,16.112,6.259,0.721,0.946,0.076,669.3,6.04,C,380.2
AL1617,0.363,11.093,3.344,0.452,0.301,552.5,8.77,B,665.5
AL1618,15.506,5.001,,0.651,0.458,504.8,5.31,A,652.3
AL1619,5.244,6.851,1.168,0.174,0.745,605.4,2.46,C,622.4
AL1620,13.21,8.005,2.518,0.502,0.876,430.7,9.52,A,430.9
AL1621,8.269,9.111,2.775,0.251,0.108,395.3,8.47,B,330.1
AL1622,2.02,11.554,2.079,0.298,0.696,483.1,4.19,C,507.0
AL1623,1.823,1.212,3.809,0.228,0.218,446.8,9.04,B,260.2
AL1624,12.756,11.107,0.083,0.713,0.953,491.6,0.91,C,669.6
AL1625,14.664,11.549,0.351,0.526,0.582,315.3,9.39,C,326.9
AL1626,9.612,3.079,3.307,0.422,0.777,451.5,3.97,C,388.2
AL1627,0.864,5.58,2.183,0.243,0.784,511.0,11.18,C,600.0
AL1628,0.528,11.707,2.465,0.252,0.702,576.7,7.32,,845.1
AL1629,14.897,1.451,2.438,0.029,0.372,333.3,,A,323.3
AL1630,2.376,2.931,2.401,0.151,0.989,378.4,2.43,B,334.6
AL1631,15.968,8.581,3.526,0.663,0.456,479.8,8.1,A,595.0
AL1632,14.77,1.868,2.163,0.229,0.132,694.1,10.87,,231.7
AL1633,0.299,0.467,3.358,0.687,0.444,376.7,6.19,C,215.2
AL1634,3.495,6.293,1.478,0.142,0.553,301.6,3.61,C,197.4
AL1635,12.954,11.368,3.441,0.593,0.974,626.3,5.53,A,690.1
AL1636,15.209,3.451,1.135,0.423,0.124,343.5,7.03,A,373.5
AL1637,11.728,6.411,3.779,0.706,0.502,546.6,1.39,B,917.6
AL1638,8.798,5.248,3.4,0.411,0.374,387.9,7.7,A,284.0
AL1639,12.253,8.869,3.47,0.031,0.474,586.2,10.13,C,627.8
AL1640,4.645,10.505,1.668,0.892,0.324,617.5,8.18,B,451.8
AL1641,14.792,5.496,0.785,0.917,0.115,628.2,11.97,B,369.1
AL1642,9.655,0.24,0.356,0.506,0.307,387.0,1.65,A,294.6
AL1643,6.562,7.155,1.537,0.177,0.051,338.1,9.77,A,195.3
AL1644,6.808,5.532,3.79,0.416,0.376,484.4,0.56,B,565.6
AL1645,8.643,10.516,0.572,0.812,0.302,637.4,6.32,B,458.4
AL1646,8.618,3.86,3.285,0.098,0.683,585.1,11.76,C,633.5
AL1647,8.798,8.343,3.654,0.87,0.356,451.6,8.75,B,406.3
AL1648,9.467,5.403,2.511,0.146,0.552,574.0,9.47,A,710.4
AL1649,2.071,4.083,0.54,0.34,0.879,575.7,3.68,A,798.3
AL1650,8.935,0.269,2.844,0.875,0.821,406.9,1.36,A,343.3
AL1651,11.433,8.312,3.574,0.497,0.417,563.9,1.81,C,821.8
AL1652,2.31,4.527,1.69,0.471,0.798,596.8,3.77,A,643.6
AL1653,15.788,4.73,0.223,0.245,0.499,594.3,3.04,A,677.7
AL1654,13.75,1.39,1.214,0.627,0.215,659.8,3.18,A,399.5
AL1655,2.131,6.032,3.805,0.898,0.539,525.6,6.15,,773.9
AL1656,8.145,10.911,1.927,0.315,0.747,489.5,5.01,A,662.2
AL1657,14.215,6.339,0.113,0.345,0.353,573.1,1.3,C,710.7
AL1658,8.722,4.055,3.777,0.307,0.056,425.5,1.8,C,310.2
AL1659,12.589,5.667,2.587,0.973,0.352,324.0,2.55,C,346.8
AL1660,15.768,2.379,2.032,0.948,0.562,559.1,3.42,C,863.6
AL1661,12.79,1.439,3.085,0.985,0.901,468.5,5.1,A,543.4
AL1662,17.179,8.927,3.387,0.052,0.104,606.5,3.38,B,621.1
AL1663,17.675,6.665,3.571,0.342,0.99,320.7,2.94,A,503.2
AL1664,4.787,8.733,1.256,0.634,0.135,516.5,4.11,,603.0
AL1665,12.837,0.866,2.587,0.032,0.786,399.1,10.15,C,211.6
AL1666,0.53,9.52,1.386,0.091,0.484,659.6,6.14,C,311.3
AL1667,12.583,5.092,3.461,0.664,0.477,449.4,9.0,A,395.4
AL1668,6.863,6.358,1.449,0.381,0.273,653.6,7.73,C,284.4
AL1669,14.412,3.211,2.64,0.047,0.807,446.4,7.98,B,440.1
AL1670,5.026,4.371,1.015,0.366,0.151,698.1,10.22,C,108.8
AL1671,15.099,8.693,0.921,0.621,0.157,418.7,6.83,A,444.8
AL1672,1.39,1.663,2.858,0.093,0.283,510.3,10.47,,447.3
AL1673,14.7,0.951,0.903,0.658,0.177,536.8,1.23,A,654.4
AL1674,4.601,8.079,0.659,0.488,0.062,412.9,9.62,A,184.8
AL1675,12.501,8.735,3.939,0.824,0.429,333.0,1.97,A,404.2
AL1676,3.988,2.966,2.37,0.195,0.585,350.0,6.02,A,255.8
AL1677,17.088,1.904,0.86,0.111,0.079,511.5,2.92,A,570.7
AL1678,1.01,0.534,1.954,0.731,0.507,404.4,,A,191.5
AL1679,8.152,5.906,3.815,0.795,0.564,533.8,5.18,A,818.6
AL1680,17.646,4.94,3.23,0.692,0.485,545.7,2.03,B,937.5
AL1681,18.0,3.091,0.446,0.731,0.396,533.6,11.68,C,711.5
AL1682,9.54,10.824,1.224,0.327,0.196,404.4,9.24,A,256.1
AL1683,14.603,6.649,2.882,0.781,0.776,545.4,0.56,C,1011.0
AL1684,1.941,2.178,2.095,0.765,0.969,669.6,8.98,A,257.8
AL1685,4.244,3.287,0.682,0.747,0.26,511.2,4.95,B,637.1
AL1686,17.672,4.014,1.91,0.245,0.784,615.0,1.83,A,701.6
AL1687,5.17,11.813,0.531,0.456,0.092,673.8,1.37,B,337.5
AL1688,14.109,2.746,3.022,0.466,0.987,569.7,7.17,A,985.9
AL1689,12.877,5.828,3.528,0.995,0.817,359.2,8.23,A,389.5
AL1690,12.786,2.562,3.866,0.325,0.104,437.8,0.85,B,441.9
AL1691,6.232,9.524,1.889,0.041,0.262,672.6,9.16,C,245.5
AL1692,2.593,0.702,,0.42,0.966,306.8,7.32,B,250.4
AL1693,13.756,6.823,3.897,0.546,0.7,455.0,11.12,B,433.5
AL1694,17.719,8.384,1.89,0.679,0.925,345.6,4.58,C,448.0
AL1695,3.099,4.265,2.717,0.334,0.278,637.8,4.23,C,337.2
AL1696,8.201,4.818,0.434,0.881,0.211,489.8,10.61,A,410.0
AL1697,14.257,6.75,2.221,0.215,0.311,465.2,9.82,C,413.2
AL1698,2.693,1.79,3.386,0.895,0.219,431.0,7.03,,222.0
AL1699,9.669,3.749,0.771,0.586,0.855,404.2,0.57,A,335.3
AL1700,4.598,0.551,3.311,0.204,0.969,329.1,7.48,C,208.1
AL1701,0.073,7.108,2.814,0.761,0.755,477.0,3.07,A,502.7
AL1702,3.782,7.876,1.558,0.43,0.234,367.5,2.52,C,260.9
AL1703,14.224,11.484,3.535,0.413,0.54,559.8,6.71,A,964.3
AL1704,0.519,0.252,1.542,0.475,0.351,348.8,4.61,C,167.4
AL1705,15.846,7.313,0.718,0.031,0.868,475.5,8.29,A,559.0
AL1706,2.662,1.893,0.885,0.339,0.529,686.9,7.89,C,173.0
AL1707,8.909,5.853,3.828,0.454,0.632,361.2,3.42,B,378.2
AL1708,15.668,3.396,1.38,0.587,0.472,447.1,5.58,A,417.2
AL1709,6.326,9.359,0.958,0.276,0.516,367.3,11.49,A,189.7
AL1710,5.553,3.693,3.26,0.25,0.721,310.4,6.57,C,232.9
AL1711,4.322,8.228,2.537,0.142,0.955,411.3,,B,388.7
AL1712,11.422,6.178,1.147,0.837,0.853,649.6,7.6,C,378.1
AL1713,13.039,10.398,2.091,0.595,0.467,659.5,8.79,C,338.2
AL1714,14.571,10.126,0.72,0.405,0.755,358.0,6.59,B,472.3
AL1715,7.103,0.085,0.975,0.623,0.184,358.4,5.86,C,224.3
AL1716,9.49,10.015,0.411,0.823,0.389,659.4,,B,428.2
AL1717,4.832,3.645,2.839,0.372,0.202,513.5,8.46,B,558.4
AL1718,5.642,1.278,2.808,0.849,0.629,308.7,4.35,A,301.0
AL1719,15.441,5.389,3.554,0.12,0.183,506.0,4.2,B,711.0
AL1720,2.404,4.188,0.267,0.087,0.286,554.6,8.41,B,624.2
AL1721,3.483,7.394,2.705,0.332,0.134,426.5,1.1,A,306.6
AL1722,4.975,7.265,3.491,0.496,0.559,613.6,10.8,B,493.3
AL1723,3.497,1.863,0.936,0.333,0.131,669.0,8.81,B,225.7
AL1724,9.949,3.799,1.343,0.63,0.656,583.6,0.65,A,756.0
AL1725,6.323,2.007,2.237,0.479,0.06,300.4,3.58,A,268.3
AL1726,5.12,7.201,3.198,0.548,0.701,319.6,7.63,B,330.2
AL1727,1.346,7.363,0.354,0.158,0.61,369.8,3.16,A,270.5
AL1728,6.959,7.225,2.992,0.622,0.754,526.1,10.87,A,776.2
AL1729,2.734,6.835,1.014,0.802,0.719,301.6,4.78,A,320.0
AL1730,6.749,3.385,0.981,0.688,0.971,405.0,4.68,,350.3
AL1731,11.631,3.552,0.114,0.484,0.532,662.8,1.63,B,404.3
AL1732,14.944,7.87,0.692,0.604,0.875,697.2,7.74,B,440.8
AL1733,12.894,2.418,1.954,0.899,0.964,411.0,9.82,B,327.8
AL1734,9.946,9.223,0.626,0.262,0.793,520.5,5.18,B,899.6
AL1735,4.237,8.101,0.083,0.469,0.603,618.8,7.69,B,522.6
AL1736,11.926,6.067,1.359,0.568,0.292,607.8,4.47,C,543.8
AL1737,7.673,8.108,2.176,0.627,0.056,369.1,2.09,B,406.3
AL1738,2.286,3.091,0.595,0.918,0.587,349.9,11.5,A,85.3
AL1739,15.58,1.313,1.583,0.118,0.124,466.0,9.59,B,391.3
AL1740,6.649,8.664,1.383,0.337,0.726,524.6,1.72,C,781.6
AL1741,0.368,1.344,0.901,0.948,0.912,509.7,1.16,A,684.6
AL1742,4.478,1.827,0.623,0.06,0.809,410.9,4.05,C,261.6
AL1743,4.889,9.261,0.284,0.707,0.587,608.5,11.35,C,422.0
AL1744,16.507,7.877,1.108,0.281,0.232,683.7,,B,448.2
AL1745,8.952,2.488,2.3,0.683,0.973,469.6,1.28,B,557.5
AL1746,17.183,9.85,2.823,0.312,0.7,438.5,11.76,B,429.7
AL1747,7.437,8.532,3.445,0.014,0.617,441.8,0.96,B,420.3
AL1748,0.629,10.351,1.804,0.661,0.667,354.0,2.38,B,381.4
AL1749,2.004,10.453,0.872,0.624,0.387,390.3,0.62,C,270.7
AL1750,1.508,6.842,0.226,0.187,0.947,569.7,8.87,A,825.9
AL1751,5.943,5.476,1.543,0.313,0.536,699.0,7.92,C,234.7
AL1752,6.172,10.428,1.531,0.474,0.948,451.6,9.5,B,432.1
AL1753,6.553,1.124,1.63,0.066,0.484,375.2,8.52,A,230.0
AL1754,3.227,2.405,2.819,0.804,0.217,388.6,2.99,C,237.8
AL1755,1.731,11.481,3.556,0.962,0.88,560.0,0.75,B,973.9
AL1756,12.507,8.387,0.808,0.974,0.899,597.1,1.57,B,858.5
AL1757,11.228,11.661,0.423,0.315,0.517,518.2,0.58,B,821.2
AL1758,11.053,0.734,1.275,0.76,0.6,502.9,1.94,A,650.9
AL1759,2.573,9.984,1.428,0.773,0.991,311.7,5.45,A,319.7
AL1760,8.74,10.984,0.816,0.19,0.102,500.5,10.83,C,421.3
AL1761,13.752,4.993,3.696,0.505,0.59,537.2,10.59,B,851.3
AL1762,15.552,2.467,2.601,0.818,0.158,369.9,11.45,,317.2
AL1763,12.62,8.296,0.061,0.235,0.279,587.7,4.01,A,684.2
AL1764,7.425,2.305,2.577,0.853,0.228,407.8,1.93,A,290.4
AL1765,9.663,10.95,0.05,0.065,0.227,420.7,5.33,C,348.8
AL1766,15.562,2.587,0.131,0.266,0.166,381.9,10.03,A,313.3
AL1767,4.641,3.667,0.231,0.45,0.478,330.4,1.61,A,281.8
AL1768,12.088,7.515,2.556,0.814,0.244,399.9,9.87,A,307.5
AL1769,12.329,3.945,1.095,0.491,0.38,430.3,3.16,C,323.9
AL1770,0.075,2.317,3.983,0.513,0.454,666.8,5.63,C,232.0
AL1771,3.516,2.267,0.886,0.677,0.192,487.1,4.5,A,393.5
AL1772,16.882,11.041,2.99,0.515,0.918,638.3,4.37,A,660.0
AL1773,8.205,8.232,1.627,0.417,0.744,398.9,9.94,C,257.4
AL1774,11.994,8.241,1.985,0.826,0.516,310.3,7.57,A,374.2
AL1775,10.235,6.614,3.257,0.431,0.944,673.5,,B,426.3
AL1776,1.165,4.296,2.888,0.402,0.315,385.3,7.97,B,271.4
AL1777,12.212,4.534,0.61,0.56,0.676,569.8,,A,880.1
AL1778,17.252,10.607,2.701,0.31,0.774,509.8,10.83,A,805.8
AL1779,5.965,10.937,0.549,0.332,0.258,526.6,6.54,,711.8
AL1780,0.082,0.031,2.372,0.117,0.996,476.2,6.88,A,384.6
AL1781,0.497,3.521,3.377,0.779,0.722,521.6,5.78,B,787.8
AL1782,10.665,11.467,0.972,0.307,0.5,350.4,8.05,A,332.8
AL1783,8.237,8.126,3.602,0.658,0.844,416.5,4.63,B,458.8
AL1784,4.397,2.944,2.359,0.114,0.568,317.5,4.46,B,296.1
AL1785,14.282,11.504,1.243,0.069,0.35,440.0,8.97,A,424.2
AL1786,3.422,3.681,3.732,0.806,0.637,612.3,8.05,C,493.7
AL1787,6.352,7.061,2.064,0.325,0.065,521.0,5.03,C,577.0
AL1788,4.137,0.132,1.58,0.752,0.29,512.4,4.86,B,584.6
AL1789,13.151,2.313,0.847,0.032,0.119,603.0,5.24,B,567.5
AL1790,14.087,6.1,1.031,0.861,0.869,320.2,1.65,C,377.8
AL1791,6.301,11.888,0.458,0.006,0.465,452.8,4.0,C,395.1
AL1792,17.687,1.608,,0.732,0.345,359.7,5.54,A,363.9
AL1793,11.729,1.843,1.908,0.881,0.15,651.5,,B,374.3
AL1794,5.627,5.948,0.503,0.68,0.328,371.5,5.08,C,249.6
AL1795,13.115,5.928,3.77,0.329,0.224,460.2,6.06,C,466.1
AL1796,2.968,6.069,0.063,0.255,0.38,611.9,9.43,A,386.6
AL1797,1.86,7.411,3.94,0.07,0.793,316.6,7.65,B,301.9
AL1798,1.341,10.881,3.649,0.981,0.978,426.2,9.41,A,332.4
AL1799,10.967,1.767,0.887,0.329,0.67,358.8,9.03,A,269.3
AL1800,0.141,5.879,0.581,0.08,0.453,313.4,11.87,A,85.7
AL1801,2.437,10.495,2.663,0.716,0.801,447.9,7.51,A,393.1
AL1802,15.263,5.56,2.111,0.078,0.505,680.7,10.49,C,296.1
AL1803,10.22,0.121,2.687,0.728,0.158,473.1,7.95,B,385.6
AL1804,15.784,3.335,3.173,0.423,0.737,678.1,6.74,B,462.1
AL1805,4.908,9.991,0.351,0.641,0.056,375.7,5.38,B,319.4
AL1806,7.845,5.606,2.137,0.886,0.364,487.5,10.38,,491.5
AL1807,17.5,7.702,2.968,0.263,0.759,568.3,1.2,C,969.5
AL1808,7.748,4.927,1.727,0.679,0.935,664.7,10.51,A,263.7
AL1809,14.684,3.408,0.749,0.276,0.85,342.2,10.6,C,255.1
AL1810,1.195,1.08,1.094,0.955,0.087,460.6,0.57,,236.1
AL1811,10.522,11.574,0.593,0.04,0.569,652.2,8.55,A,375.8
AL1812,17.935,6.527,3.031,0.119,0.933,445.1,4.3,A,530.4
AL1813,4.33,7.546,3.413,0.648,0.101,303.9,6.76,A,288.2
AL1814,4.398,7.092,2.505,0.094,0.718,582.1,6.75,B,767.6
AL1815,0.087,8.813,0.068,0.671,0.241,424.5,11.82,B,163.8
AL1816,5.769,0.817,2.565,0.954,0.989,460.2,2.45,A,417.0
AL1817,6.906,7.414,3.335,0.121,0.497,569.8,4.99,B,818.9
AL1818,3.589,7.884,3.757,0.151,0.096,466.4,7.8,B,340.9
AL1819,6.735,7.103,0.039,0.647,0.364,457.9,9.19,C,274.8
AL1820,9.096,3.791,2.034,0.21,0.416,531.4,11.49,B,653.5
AL1821,15.35,11.25,3.753,0.102,0.667,302.3,3.0,B,554.8
AL1822,6.152,8.818,0.591,0.507,0.264,642.3,9.18,B,376.7
AL1823,3.153,11.806,3.258,0.214,0.543,466.3,6.61,A,445.7
AL1824,1.401,6.965,1.53,0.532,0.736,536.5,3.53,A,866.4
AL1825,9.557,4.644,3.248,0.634,0.944,700.0,1.32,A,395.3
AL1826,16.376,6.843,0.637,0.761,0.358,653.0,1.46,A,464.5
AL1827,8.678,10.452,1.052,0.942,0.283,506.7,3.44,A,628.4
AL1828,12.812,6.15,3.101,0.035,0.131,407.6,1.31,B,424.6
AL1829,1.734,4.715,3.163,0.727,0.661,552.5,4.5,C,810.3
AL1830,0.407,11.027,3.928,0.688,0.448,421.7,5.06,B,353.4
AL1831,13.047,10.189,1.124,0.579,0.834,464.7,9.33,A,499.6
AL1832,2.797,10.231,2.043,0.175,0.903,413.5,6.65,C,254.8
AL1833,5.132,2.118,1.406,0.261,0.982,674.8,7.14,B,341.6
AL1834,3.222,6.008,3.262,0.948,0.868,576.3,10.78,B,800.5
AL1835,3.22,1.532,3.583,0.869,0.679,346.8,3.13,B,382.9
AL1836,16.315,0.815,0.662,0.148,0.128,585.7,2.76,B,615.0
AL1837,3.385,7.389,1.26,0.08,0.309,347.9,6.35,C,218.0
AL1838,10.921,5.423,2.202,0.318,0.494,455.5,5.94,B,517.4
AL1839,1.134,0.955,3.012,0.934,0.248,394.5,6.57,B,292.9
AL1840,14.964,0.027,1.361,0.439,0.14,481.9,9.81,C,368.0
AL1841,8.12,3.215,0.986,0.091,0.158,604.9,8.18,A,390.9
AL1842,7.525,8.12,0.11,0.705,0.902,364.1,10.54,C,213.4
AL1843,0.944,5.706,3.919,0.622,0.623,520.9,10.23,A,613.6
AL1844,17.66,6.707,1.143,0.784,0.102,548.5,9.76,B,688.6
AL1845,17.054,11.09,2.854,0.57,0.116,634.8,2.7,B,585.5
AL1846,9.426,11.436,2.288,0.179,0.968,396.9,10.5,A,296.8
AL1847,12.423,0.667,2.922,0.415,0.94,545.5,4.47,A,991.7
AL1848,7.64,0.052,0.592,0.118,0.279,480.1,9.04,A,329.0
AL1849,17.414,3.025,2.74,0.757,0.233,425.9,1.89,A,424.8
AL1850,14.843,10.982,2.449,0.774,0.703,648.7,1.88,B,596.1
AL1851,4.36,2.714,2.172,0.14,0.693,679.9,7.2,B,289.7
AL1852,7.378,5.581,1.881,0.575,0.34,596.8,10.65,C,439.8
AL1853,17.185,5.333,1.023,0.499,0.595,698.5,11.65,B,313.1
AL1854,1.484,1.259,2.277,0.833,0.341,690.7,8.95,A,183.0
AL1855,1.078,5.87,1.616,0.815,0.262,625.8,6.27,B,383.5
AL1856,4.965,0.069,0.664,0.014,0.258,472.7,8.4,A,282.6
AL1857,9.357,9.501,3.218,0.537,0.878,582.2,2.44,C,882.6
AL1858,11.931,9.82,1.161,0.329,0.305,561.2,8.65,A,770.2
AL1859,12.568,8.063,2.128,0.979,0.728,420.3,,C,318.4
AL1860,5.914,4.814,2.383,0.298,0.285,469.0,5.94,A,384.1
AL1861,4.609,9.106,1.29,0.261,0.151,540.0,6.62,C,589.8
AL1862,15.636,3.248,0.345,0.483,0.682,501.3,6.43,A,708.4
AL1863,15.147,6.914,3.485,0.462,0.477,655.7,3.68,A,497.8
AL1864,13.391,10.04,1.479,0.584,0.119,374.7,3.0,B,464.9
AL1865,11.262,4.34,,0.968,0.337,581.4,8.71,A,630.9
AL1866,0.66,1.294,2.599,0.033,0.698,648.3,3.16,C,245.0
AL1867,2.547,2.867,0.814,0.441,0.305,448.7,4.69,,236.8
AL1868,6.551,0.795,3.996,0.263,0.696,613.1,2.26,C,564.3
AL1869,1.291,7.584,1.587,0.884,0.359,633.3,8.11,C,310.0
AL1870,7.622,6.178,,0.932,0.2,307.1,1.43,A,376.6
AL1871,7.094,8.705,0.342,0.466,0.47,446.0,5.67,A,351.3
AL1872,7.187,4.47,3.818,0.681,0.826,685.9,5.65,B,391.7
AL1873,3.636,8.611,0.467,0.716,0.388,471.2,11.32,A,275.5
AL1874,4.213,10.745,3.852,0.002,0.754,322.3,6.17,A,364.5
AL1875,16.31,0.684,2.361,0.637,0.79,430.1,11.25,A,331.7
AL1876,13.68,11.561,0.461,0.494,0.243,570.9,7.41,B,766.6
AL1877,7.617,10.243,3.238,0.808,0.438,467.6,4.63,A,530.2
AL1878,0.249,8.076,3.578,0.006,0.996,671.1,5.09,A,361.8
AL1879,15.984,7.498,0.318,0.433,0.206,601.9,3.21,C,566.6
AL1880,0.421,8.912,2.214,0.239,0.573,501.0,8.78,A,495.4
AL1881,14.18,5.914,0.765,0.145,0.867,527.9,5.24,A,921.8
AL1882,8.25,6.661,2.952,0.187,0.424,492.9,2.18,B,592.9
AL1883,2.086,1.991,2.852,0.357,0.941,409.5,6.81,C,239.9
AL1884,16.304,7.954,3.227,0.145,0.963,452.3,1.97,B,621.3
AL1885,8.476,11.565,0.51,0.132,0.307,658.4,9.72,A,331.6
AL1886,8.555,3.873,2.456,0.618,0.435,348.1,6.09,B,389.1
AL1887,7.718,5.66,1.448,0.071,0.727,490.8,3.58,A,570.6
AL1888,17.776,7.872,2.226,0.066,0.631,576.7,2.41,B,934.5
AL1889,1.314,11.334,3.344,0.097,0.509,469.8,11.42,A,330.7
AL1890,12.466,1.072,1.712,0.369,0.494,449.2,1.89,,403.9
AL1891,17.622,6.243,3.215,0.193,0.959,536.0,3.67,B,1096.1
AL1892,10.819,2.471,0.385,0.354,0.557,650.2,9.21,A,285.3
AL1893,4.559,10.426,2.579,0.838,0.377,631.5,,A,434.6
AL1894,6.07,9.974,2.683,0.951,0.713,474.5,4.41,B,603.8
AL1895,1.488,5.627,2.492,0.476,0.124,351.7,9.71,B,278.8
AL1896,4.982,6.18,1.539,0.266,0.679,344.1,4.75,B,351.1
AL1897,3.198,0.049,2.656,0.591,0.672,507.6,4.91,B,704.7
AL1898,16.196,5.721,1.103,0.403,0.232,469.5,10.46,C,351.7
AL1899,4.025,0.299,3.86,0.704,0.169,671.5,6.54,B,328.0
AL1900,0.947,4.376,,0.202,0.845,533.5,5.33,A,847.6
AL1901,15.94,1.905,3.447,0.572,0.626,553.0,9.44,A,846.5
AL1902,16.971,5.912,2.805,0.871,0.897,548.1,8.77,B,1042.9
AL1903,4.302,9.268,,0.648,0.295,386.5,5.49,C,290.0
AL1904,15.372,11.038,1.572,0.465,0.677,379.0,6.38,B,453.9
AL1905,15.036,1.021,3.848,0.264,0.644,567.1,6.48,B,955.6
AL1906,11.453,5.247,1.2,0.859,0.912,679.5,2.28,B,463.3
AL1907,10.348,8.393,3.003,0.18,0.967,622.3,9.92,B,558.7
AL1908,3.226,9.552,2.187,0.335,0.442,519.5,5.92,A,701.4
AL1909,3.997,10.134,1.822,0.304,0.869,564.4,6.97,B,901.5
AL1910,12.217,1.814,2.371,0.925,0.151,577.6,2.32,A,610.6
AL1911,2.996,6.984,2.343,0.665,0.432,644.4,5.31,A,361.2
AL1912,11.949,4.462,1.323,0.938,0.828,387.0,2.6,C,348.9
AL1913,16.869,2.919,3.182,0.739,0.193,408.4,0.67,A,415.8
AL1914,0.152,7.069,1.921,0.068,0.691,473.1,11.77,B,337.9
AL1915,6.214,8.802,,0.919,0.742,587.1,2.93,B,863.3
AL1916,2.715,2.11,3.625,0.431,0.467,495.1,7.85,B,468.9
AL1917,11.777,10.53,3.987,0.054,0.149,656.6,4.49,B,515.3
AL1918,13.923,1.947,2.014,0.272,0.608,650.1,4.23,C,410.3
AL1919,1.284,7.304,1.781,0.378,0.499,633.5,7.82,B,410.7
AL1920,0.528,11.629,0.633,0.005,0.897,356.5,3.06,B,333.3
AL1921,5.645,1.869,3.141,0.599,0.186,481.6,2.68,C,401.5
AL1922,3.482,2.888,1.11,0.695,0.723,584.1,2.21,B,796.1
AL1923,8.687,2.728,0.825,0.349,0.246,380.5,6.21,C,246.1
AL1924,9.466,3.956,2.449,0.093,0.41,637.8,4.81,A,407.1
AL1925,14.729,8.418,2.365,0.449,0.222,633.8,2.74,B,567.6
AL1926,17.441,11.633,0.878,0.474,0.858,410.0,4.48,C,478.3
AL1927,17.868,2.856,1.06,0.633,0.875,565.0,8.13,A,959.5
AL1928,16.743,2.171,3.86,0.637,0.223,610.5,10.97,A,452.5
AL1929,9.407,6.481,3.131,0.723,0.577,626.2,7.72,B,500.7
AL1930,1.843,4.105,3.082,0.103,0.589,310.7,9.8,B,214.0
AL1931,12.164,9.331,2.787,0.089,0.743,626.5,11.26,C,438.9
AL1932,12.948,8.238,3.476,0.753,0.109,489.0,10.78,,488.0
AL1933,14.888,3.726,1.525,0.046,0.625,654.1,7.24,B,471.6
AL1934,17.626,5.461,3.281,0.699,0.941,555.0,1.76,C,1059.6
AL1935,4.708,8.189,2.039,0.201,0.519,634.6,11.87,A,294.4
AL1936,7.901,7.138,2.679,0.655,0.799,518.8,,C,780.0
AL1937,9.762,9.236,3.009,0.571,0.988,649.0,7.5,B,524.4
AL1938,6.354,0.1,1.479,0.811,0.862,464.8,7.27,B,463.1
AL1939,5.953,8.916,1.973,0.994,0.447,549.7,0.55,B,883.9
AL1940,10.573,7.887,0.479,0.504,0.176,672.2,0.56,C,342.9
AL1941,3.752,2.386,0.471,0.835,0.26,450.4,9.56,B,237.8
AL1942,16.249,0.467,2.651,0.385,0.153,363.4,6.01,A,350.6
AL1943,2.608,10.736,3.246,0.21,0.94,382.2,5.08,A,344.5
AL1944,12.392,1.61,1.81,0.298,0.859,374.8,10.74,C,250.8
AL1945,4.148,6.692,3.672,0.354,0.069,561.8,8.08,C,526.1
AL1946,5.322,6.815,1.068,0.779,0.601,471.9,10.84,A,354.6
AL1947,10.494,9.528,3.074,0.123,0.953,477.4,9.71,A,560.9
AL1948,9.584,10.265,2.54,0.651,0.118,532.6,10.64,A,597.2
AL1949,16.43,8.546,0.331,0.045,0.964,554.7,3.44,A,1091.1
AL1950,9.316,3.48,2.622,0.29,0.346,617.0,5.39,B,495.2
AL1951,0.754,6.868,0.332,0.48,0.805,425.3,7.67,C,223.2
AL1952,16.029,10.18,1.037,0.406,0.563,544.2,1.7,A,997.3
AL1953,10.889,5.699,1.12,0.844,0.815,494.2,4.99,B,730.6
AL1954,10.825,6.271,2.509,0.976,0.217,366.6,8.06,A,378.9
AL1955,15.64,0.122,3.55,0.259,0.817,632.9,10.51,A,452.6
AL1956,14.133,3.744,1.419,0.746,0.677,598.4,2.85,B,725.5
AL1957,0.649,1.307,1.918,0.932,0.115,460.1,4.17,C,241.7
AL1958,14.453,10.115,,0.859,0.788,575.8,8.28,,872.7
AL1959,10.887,7.473,2.484,0.209,0.847,446.0,0.64,A,468.7
AL1960,12.116,0.261,1.949,0.683,0.095,523.7,7.39,B,602.4
AL1961,1.743,10.365,1.366,0.916,0.284,495.6,1.22,A,557.8
AL1962,15.319,1.154,0.208,0.386,0.659,542.2,2.48,A,915.4
AL1963,0.375,11.144,0.203,0.306,0.144,345.9,8.74,A,219.9
AL1964,1.327,3.049,1.158,0.994,0.826,400.8,8.26,B,211.6
AL1965,1.73,5.601,1.112,0.176,0.739,477.8,11.85,A,283.1
AL1966,14.622,3.763,2.955,0.092,0.616,620.5,,A,597.0
AL1967,8.957,4.327,1.29,0.355,0.304,594.0,8.62,B,563.5
AL1968,7.54,6.316,2.621,0.557,0.785,523.9,4.86,A,847.9
AL1969,9.146,5.467,3.68,0.94,0.163,412.4,1.03,B,392.1
AL1970,14.511,1.084,3.805,0.21,0.307,437.8,8.44,A,358.8
AL1971,16.347,0.293,0.917,0.187,0.619,420.1,5.23,A,392.9
AL1972,5.295,1.734,2.773,0.823,0.418,361.5,1.79,B,342.4
AL1973,14.463,1.578,2.431,0.799,0.951,623.2,8.22,A,570.3
AL1974,6.169,11.024,1.279,0.136,0.444,550.1,4.49,A,820.1
AL1975,10.25,7.199,,0.519,0.406,561.3,1.65,C,789.2
AL1976,0.008,11.461,2.582,0.24,0.624,306.4,11.26,A,182.9
AL1977,17.287,8.433,2.601,0.45,0.428,368.4,11.85,B,351.3
AL1978,15.825,1.046,0.075,0.79,0.728,331.8,2.16,B,439.0
AL1979,17.957,5.81,1.463,0.361,0.572,349.4,9.65,A,354.7
AL1980,13.036,0.966,3.813,0.846,0.683,601.0,1.84,A,687.7
AL1981,9.029,10.283,3.653,0.248,0.926,391.8,8.24,C,358.4
AL1982,3.282,3.455,3.219,0.066,0.149,443.3,2.56,C,261.7
AL1983,5.768,3.785,3.932,0.776,0.302,416.8,3.0,B,388.7
AL1984,3.595,3.44,1.301,0.953,0.449,574.2,2.99,A,689.5
AL1985,15.038,0.078,3.013,0.209,0.743,529.2,4.45,C,861.2
AL1986,2.624,6.227,0.346,0.409,0.196,540.1,0.88,A,607.0
AL1987,6.163,5.682,0.988,0.409,0.943,363.9,0.66,A,335.5
AL1988,9.45,3.622,0.114,0.72,0.656,355.9,9.46,B,296.2
AL1989,6.845,7.036,3.403,0.854,0.71,499.5,2.75,A,688.5
AL1990,4.296,6.893,1.584,0.272,0.386,391.0,0.71,B,345.1
AL1991,12.175,1.955,1.72,0.624,0.654,420.8,1.51,A,358.4
AL1992,8.856,1.179,0.729,0.289,0.582,580.0,6.22,A,717.9
AL1993,15.671,5.123,1.721,0.198,0.137,671.6,4.39,B,423.8
AL1994,9.139,9.965,1.255,0.782,0.236,519.0,11.31,A,605.3
AL1995,12.145,1.314,2.88,0.579,0.599,674.7,,A,360.8
AL1996,0.306,9.731,0.738,0.138,0.171,583.5,6.69,B,555.1
AL1997,3.607,3.966,1.843,0.611,0.11,471.4,3.38,B,366.3
AL1998,3.587,11.769,1.077,0.092,0.467,363.8,8.07,A,221.1
AL1999,17.684,1.739,2.594,0.918,0.649,381.5,5.94,A,414.8
AL2000,15.097,3.499,,0.182,0.476,517.2,4.94,C,728.9
AL2001,10.451,6.377,2.282,0.188,0.237,630.5,4.47,B,477.1
AL2002,0.689,9.245,2.539,0.851,0.125,555.2,6.13,B,660.8
AL2003,13.116,0.501,2.083,0.93,0.934,553.6,3.14,A,993.2
AL2004,17.069,9.473,1.394,0.379,0.377,689.7,5.44,B,504.6
AL2005,2.175,2.795,0.277,0.968,0.181,306.0,1.5,B,295.3
AL2006,1.425,0.877,2.149,0.302,0.429,367.6,6.76,C,218.1
AL2007,12.457,2.591,2.091,0.527,0.987,582.3,5.43,B,953.7
AL2008,11.011,4.525,0.639,0.396,0.485,543.0,4.39,A,810.8
AL2009,14.421,6.641,0.531,0.661,0.216,667.9,6.64,C,362.9
AL2010,5.441,6.286,0.763,0.206,0.984,429.5,4.99,A,330.6
AL2011,1.461,7.756,3.813,0.666,0.986,662.2,5.97,C,370.1
AL2012,7.16,6.271,0.506,0.442,0.538,620.1,6.17,A,518.2
AL2013,16.694,4.952,1.648,0.251,0.66,577.7,11.94,C,695.5
AL2014,5.682,9.003,3.084,0.28,0.836,506.1,9.06,C,683.5
AL2015,13.078,6.987,0.919,0.205,0.286,638.7,11.31,A,348.9
AL2016,3.388,5.557,3.425,0.23,0.421,583.6,6.6,B,699.0
AL2017,4.339,1.343,0.229,0.831,0.579,423.5,1.42,C,237.5
AL2018,3.304,2.59,0.85,0.601,0.692,355.7,4.23,B,286.2
AL2019,1.368,10.75,3.637,0.24,0.774,628.6,4.96,C,452.5
AL2020,1.711,4.4,2.958,0.228,0.166,499.4,1.25,C,422.2
AL2021,0.366,6.508,3.948,0.351,0.535,559.5,4.45,A,781.6
AL2022,13.174,6.263,2.006,0.524,0.841,317.7,1.52,B,417.7
AL2023,17.049,9.1,2.492,0.277,0.689,467.5,2.25,B,694.7
AL2024,9.967,7.75,0.272,0.352,0.077,499.3,9.32,B,479.9
AL2025,13.468,5.61,1.164,0.439,0.083,433.9,7.06,A,340.1
AL2026,4.311,10.468,3.965,0.083,0.102,663.9,,C,351.8
AL2027,7.115,9.296,0.655,0.211,0.485,660.5,11.8,C,191.2
AL2028,0.518,8.023,2.007,0.721,0.958,610.5,7.14,B,640.8
AL2029,8.072,3.126,0.108,0.105,0.317,391.6,7.39,B,268.3
AL2030,3.723,7.533,1.57,0.947,0.363,639.4,11.79,A,264.0
AL2031,12.611,11.587,0.786,0.347,0.86,569.5,3.22,B,1035.7
AL2032,17.277,0.029,,0.491,0.399,678.7,0.98,C,316.9
AL2033,9.284,1.573,2.016,0.268,0.708,596.8,3.19,A,670.7
AL2034,1.374,3.284,3.334,0.695,0.688,463.9,,C,338.0
AL2035,13.342,11.202,2.5,0.986,0.828,435.0,5.09,B,588.4
AL2036,7.449,10.114,2.192,0.081,0.531,599.0,7.22,B,652.0
AL2037,3.035,7.314,0.315,0.622,0.593,606.4,1.65,C,532.2
AL2038,14.66,10.384,3.134,0.323,0.951,369.9,0.51,C,475.7
AL2039,17.158,8.819,2.171,0.883,0.054,642.1,8.94,B,482.6
AL2040,0.386,11.338,,0.713,0.421,401.1,0.51,A,363.1
AL2041,11.283,2.164,1.486,0.773,0.681,456.4,10.73,A,366.5
AL2042,1.389,6.922,0.314,0.27,0.05,658.2,2.23,C,236.6
AL2043,1.033,4.786,2.462,0.86,0.752,570.1,9.13,B,820.9
AL2044,14.917,0.426,1.063,0.541,0.34,687.7,6.02,B,410.3
AL2045,0.962,4.838,0.983,0.208,0.539,499.2,7.29,C,493.6
AL2046,2.176,11.793,3.071,0.899,0.908,429.6,2.3,,404.4
AL2047,12.855,8.617,1.694,0.636,0.433,318.1,5.74,C,347.9
AL2048,6.84,3.185,3.396,0.898,0.964,587.4,2.8,B,892.6
AL2049,7.916,6.483,,0.513,0.988,596.5,8.15,C,717.5
AL2050,5.132,6.517,3.273,0.613,0.9,312.2,10.65,C,202.3
AL2051,7.787,6.529,3.282,0.131,0.754,319.6,9.18,B,311.2
AL2052,17.229,9.53,2.718,0.151,0.865,450.5,5.11,C,537.2
AL2053,5.434,7.582,0.719,0.237,0.263,488.0,7.5,B,452.7
AL2054,6.917,2.219,1.51,0.773,0.155,631.5,2.08,C,362.1
AL2055,15.226,7.489,0.806,0.866,0.73,310.6,4.66,C,414.1
AL2056,3.892,11.256,0.288,0.414,0.831,490.5,6.18,A,616.7
AL2057,3.012,3.659,0.966,0.208,0.349,519.4,2.6,A,611.2
AL2058,13.073,0.056,1.118,0.516,0.345,533.1,4.28,A,766.3
AL2059,15.174,0.499,1.142,0.417,0.144,672.7,11.69,B,251.9
AL2060,4.209,7.039,2.331,0.977,0.924,515.7,0.93,B,895.4
AL2061,7.547,10.524,0.397,0.352,0.749,545.4,5.04,B,960.1
AL2062,8.636,1.985,0.179,0.082,0.688,622.4,,A,346.8
AL2063,4.223,8.816,3.572,0.674,0.68,394.3,1.8,C,332.0
AL2064,8.34,1.06,1.888,0.738,0.507,545.4,7.35,A,756.5
AL2065,13.517,1.123,3.022,0.57,0.279,523.2,,B,764.1
AL2066,0.583,1.477,2.154,0.731,0.794,695.7,1.05,A,263.8
AL2067,11.18,5.64,3.532,0.039,0.068,433.3,1.07,A,382.5
AL2068,2.721,1.635,1.917,0.59,0.656,644.2,2.21,A,308.3
AL2069,4.039,9.402,3.554,0.565,0.445,365.3,5.53,B,369.3
AL2070,11.95,3.436,1.865,0.783,0.144,643.1,3.96,B,455.9
AL2071,1.655,10.062,1.623,0.133,0.549,516.2,7.6,C,629.3
AL2072,17.04,0.135,0.825,0.555,0.981,463.8,3.44,A,518.0
AL2073,13.15,1.351,0.046,0.587,0.137,394.7,7.08,B,332.3
AL2074,4.847,10.078,2.578,0.236,0.486,633.7,5.17,C,407.9
AL2075,15.674,11.734,1.524,0.523,0.186,567.0,10.78,C,662.2
AL2076,7.074,11.874,2.314,0.276,0.547,668.9,10.26,A,289.3
AL2077,9.666,2.486,3.679,0.882,0.436,467.2,9.13,B,412.9
AL2078,6.694,10.325,0.458,0.106,0.712,664.0,1.89,C,383.8
AL2079,0.207,7.912,1.926,0.391,0.54,391.0,11.16,C,107.7
AL2080,6.49,4.897,1.383,0.481,0.383,608.5,10.66,A,372.2
AL2081,17.787,3.478,0.238,0.492,0.055,521.9,1.65,A,634.1
AL2082,5.773,1.628,2.808,0.968,0.2,367.5,6.21,C,216.3
AL2083,2.493,3.057,,0.251,0.86,492.2,6.87,A,563.5
AL2084,1.722,3.928,0.922,0.126,0.16,602.5,4.25,C,424.0
AL2085,6.596,7.308,1.003,0.116,0.341,300.7,2.21,B,354.2
AL2086,14.697,6.672,3.288,0.098,0.564,323.5,8.07,B,398.1
AL2087,11.227,8.791,2.13,0.605,0.295,525.9,4.87,A,771.3
AL2088,6.737,1.665,1.627,0.352,0.302,475.1,9.31,B,347.3
AL2089,10.943,1.764,2.681,0.559,0.745,384.6,4.51,A,371.8
AL2090,15.894,5.814,3.3,0.875,0.485,345.4,11.01,C,271.9
AL2091,12.325,11.506,1.576,0.703,0.307,543.2,5.73,B,864.5
AL2092,5.544,4.181,2.204,0.018,0.734,528.2,11.26,C,671.3
AL2093,12.146,8.455,2.024,0.317,0.62,603.9,11.67,C,507.2
AL2094,10.367,8.342,3.282,0.38,0.277,636.4,2.3,A,498.8
AL2095,4.986,5.127,2.188,0.194,0.264,664.3,2.8,A,328.2
AL2096,1.736,4.754,1.829,0.677,0.997,377.5,6.17,A,288.1
AL2097,5.051,0.279,1.625,0.31,0.522,694.3,11.02,B,221.5
AL2098,4.602,11.936,,0.069,0.175,659.8,10.49,B,329.6
AL2099,5.694,4.099,2.118,0.323,0.442,442.1,4.83,B,393.4
AL2100,4.303,2.311,1.105,0.784,0.542,502.9,5.23,A,614.0
AL2101,5.741,9.413,3.126,0.616,0.704,494.8,1.53,B,713.5
AL2102,11.441,6.74,0.956,0.09,0.379,308.3,11.03,A,242.5
AL2103,1.225,2.539,,0.138,0.496,459.5,7.55,C,264.8
AL2104,0.23,5.329,3.537,0.87,0.249,444.0,11.67,B,223.1
AL2105,11.684,4.798,2.932,0.471,0.266,355.7,6.26,A,375.9
AL2106,12.215,5.083,0.245,0.179,0.347,640.5,8.04,C,320.9
AL2107,8.533,8.136,0.531,0.776,0.863,504.0,,A,795.0
AL2108,1.934,0.458,3.09,0.756,0.57,687.6,3.46,A,252.6
AL2109,1.861,6.254,2.667,0.08,0.509,666.4,1.59,A,327.3
AL2110,15.374,10.139,1.559,0.644,0.657,481.7,0.57,,714.0
AL2111,5.673,1.454,2.974,0.518,0.708,334.8,5.72,B,343.2
AL2112,6.995,0.911,0.259,0.243,0.717,408.3,5.62,B,326.2
AL2113,8.561,3.555,1.329,0.03,0.28,476.0,2.66,C,358.5
AL2114,0.196,0.929,0.58,0.051,0.226,675.3,9.73,B,174.4
AL2115,15.272,8.237,1.176,0.017,0.057,335.8,5.33,B,420.7
AL2116,11.222,9.934,1.205,0.06,0.785,460.5,1.88,C,504.3
AL2117,12.04,2.694,1.17,0.917,0.788,646.6,4.2,A,446.5
AL2118,7.1,2.743,2.334,0.743,0.524,408.8,6.5,A,332.7
AL2119,9.732,3.289,1.755,0.828,0.989,598.0,3.59,C,774.1
AL2120,16.179,0.847,0.835,0.4,0.276,329.3,7.17,B,384.1
AL2121,15.685,2.092,1.737,0.031,0.802,654.0,0.82,C,417.0
AL2122,0.03,11.604,1.638,0.764,0.229,403.4,5.07,B,311.1
AL2123,13.587,9.23,3.773,0.198,0.634,671.1,9.61,C,349.9
AL2124,9.871,9.77,1.588,0.977,0.201,316.7,11.9,C,246.7
AL2125,14.464,10.93,1.271,0.708,0.498,354.4,3.47,C,402.9
AL2126,7.845,10.74,2.071,0.607,0.359,493.9,3.35,C,597.5
AL2127,8.468,2.848,,0.186,0.783,464.5,2.16,A,436.0
AL2128,2.437,5.662,1.615,0.715,0.447,591.2,2.27,B,573.0
AL2129,7.369,5.294,,0.745,0.582,506.2,3.65,A,716.2
AL2130,12.863,3.278,2.832,0.118,0.45,436.7,11.39,B,325.4
AL2131,8.218,4.865,2.901,0.199,0.399,565.6,12.0,C,554.4
AL2132,1.844,11.922,,0.103,0.968,365.5,2.67,B,393.8
AL2133,14.337,7.825,0.751,0.156,0.654,487.7,4.89,A,619.4
AL2134,0.528,3.043,2.637,0.797,0.148,530.0,6.62,C,505.3
AL2135,2.719,4.994,0.344,0.148,0.332,419.9,9.52,B,229.1
AL2136,14.162,8.067,3.504,0.518,0.883,536.7,8.64,C,990.9
AL2137,11.015,8.706,2.369,0.821,0.139,564.6,2.23,C,686.8
AL2138,10.807,9.16,2.032,0.212,0.299,578.9,7.73,A,675.8
AL2139,9.203,5.412,2.454,0.019,0.586,570.7,3.34,A,860.0
AL2140,16.967,4.397,0.774,0.261,0.127,303.3,7.98,C,289.8
AL2141,8.365,5.415,0.622,0.43,0.439,497.6,,C,549.8
AL2142,2.376,4.091,2.726,0.873,0.484,639.9,11.2,A,241.8
AL2143,14.896,9.422,0.496,0.868,0.313,399.0,10.07,B,363.4
AL2144,12.99,6.048,2.981,0.775,0.896,420.2,2.24,B,536.8
AL2145,14.688,7.379,2.699,0.789,0.666,661.8,10.1,A,406.8
AL2146,5.324,4.682,2.841,0.597,0.703,596.3,3.69,A,658.8
AL2147,2.03,9.807,0.929,0.785,0.181,365.0,3.6,A,316.4
AL2148,5.284,10.576,2.467,0.285,0.828,418.8,1.18,A,410.8
AL2149,15.692,0.368,1.643,0.844,0.655,637.3,8.78,C,374.7
AL2150,12.721,0.705,2.355,0.598,0.661,449.3,1.56,B,479.4
AL2151,0.17,2.868,1.233,0.821,0.087,384.1,10.98,B,171.6
AL2152,15.631,10.106,1.01,0.955,0.936,584.5,5.4,C,918.4
AL2153,0.83,8.12,1.555,0.07,0.832,518.6,0.82,B,841.0
AL2154,2.666,6.205,0.146,0.886,0.742,350.6,4.0,A,244.4
AL2155,10.548,3.369,0.846,0.325,0.34,311.1,9.2,B,279.7
AL2156,13.902,4.848,2.91,0.645,0.987,589.5,6.34,A,812.1
AL2157,13.598,7.771,,0.036,0.51,628.8,2.81,A,536.5
AL2158,2.987,10.979,3.428,0.885,0.878,391.7,0.79,C,401.7
AL2159,7.124,0.061,3.424,0.933,0.681,504.3,7.49,B,696.4
AL2160,12.75,4.274,2.486,0.536,0.862,436.4,0.76,C,420.6
AL2161,12.094,5.601,1.676,0.111,0.551,425.3,4.53,A,358.8
AL2162,7.581,6.245,2.018,0.917,0.653,422.3,3.01,B,377.6
AL2163,1.963,4.644,0.648,0.587,0.772,523.8,5.85,B,799.5
AL2164,4.322,1.38,0.652,0.552,0.098,380.7,,B,289.9
AL2165,4.953,5.693,0.614,0.659,0.908,572.9,7.41,A,808.5
AL2166,4.893,4.903,2.052,0.413,0.056,455.7,11.66,C,123.5
AL2167,11.167,8.732,3.544,0.751,0.745,511.0,11.82,A,679.8
AL2168,17.626,10.2,3.925,0.004,0.93,350.6,5.4,A,539.3
AL2169,12.872,5.019,2.252,0.531,0.642,350.8,6.59,C,314.5
AL2170,11.069,8.357,2.759,0.44,0.915,327.6,1.69,B,447.8
AL2171,6.26,6.976,1.343,0.974,0.067,305.7,5.25,A,330.7
AL2172,0.921,8.979,2.207,0.343,0.395,567.8,7.3,A,679.1
AL2173,2.544,1.899,2.095,0.03,0.351,619.2,2.74,A,392.9
AL2174,7.104,11.441,0.525,0.586,0.76,676.7,5.82,B,450.2
AL2175,16.936,5.973,1.463,0.112,0.643,542.6,7.94,A,909.8
AL2176,5.592,2.364,2.607,0.273,0.538,328.0,0.53,A,258.4
AL2177,11.862,8.526,2.68,0.106,0.877,669.0,10.72,A,357.2
AL2178,3.7,4.995,2.403,0.891,0.383,531.7,2.26,C,661.2
AL2179,15.674,7.716,2.521,0.835,0.401,411.5,4.61,A,416.5
AL2180,9.437,4.294,2.544,0.916,0.928,627.0,7.48,C,494.2
AL2181,0.223,1.263,2.51,0.218,0.395,676.6,1.15,B,262.8
AL2182,10.312,4.52,1.691,0.738,0.825,691.3,4.64,A,360.7
AL2183,14.512,11.943,2.573,0.773,0.58,315.8,9.13,C,372.8
AL2184,2.423,3.388,0.662,0.968,0.572,455.9,5.22,B,387.6
AL2185,16.305,4.057,2.723,0.054,0.154,419.3,1.57,B,429.9
AL2186,4.857,4.312,3.789,0.139,0.781,677.2,11.94,B,273.0
AL2187,15.269,6.175,,0.356,0.52,464.8,5.55,B,570.5
AL2188,3.99,3.736,3.595,0.493,0.653,654.6,,C,249.0
AL2189,1.084,9.062,,0.532,0.15,554.2,4.86,C,639.7
AL2190,0.823,3.545,0.071,0.278,0.098,570.1,9.64,,398.7
AL2191,0.917,8.477,3.347,0.931,0.419,330.4,5.9,C,313.1
AL2192,5.434,1.329,1.518,0.735,0.947,305.7,4.81,C,284.9
AL2193,3.04,4.342,1.549,0.647,0.802,351.0,6.22,B,305.2
AL2194,4.303,3.435,1.077,0.706,0.285,591.8,11.26,A,438.0
AL2195,4.628,2.358,3.559,0.083,0.075,545.8,8.92,A,488.3
AL2196,0.553,11.682,1.28,0.193,0.164,413.9,8.11,A,200.2
AL2197,1.61,6.455,2.53,0.634,0.614,363.4,11.36,B,219.6
AL2198,3.887,7.607,2.797,0.577,0.616,336.1,7.09,B,349.3
AL2199,9.74,0.853,1.987,0.606,0.899,454.5,10.26,A,347.1
